id,Domain,Status,Attractiveness,Demand,Length,Registrar,Created,Expires
1a94c4f1-fd34-4b5a-881d-bf5aeec729ea,sermons.at,available,,36,7,,,
c30fff27-91b0-486f-901c-0f4e39a3499f,sermons.cloud,available,,36,7,,,
5a261e97-9a07-4be7-bc43-4273f62e217d,sermons.com,expiring,,36,7,"GoDaddy.com, LLC",11/07/1996 04:00,10/07/2025 04:00
7d2db9dd-70e0-4ec5-8fa2-6cbacd53e3ce,sermons.dev,available,,36,7,,,
397367b2-4496-44d2-973e-833156dd65d0,sermons.expert,available,,36,7,,,
e1e973fe-9d7f-4b2e-ae14-9c0ec03320f3,sermons.gg,available,,36,7,,,
403cf687-fbb6-4c44-bd69-87fab375d70d,sermons.it,resell,,36,7,,17/09/2010 19:41,30/09/2025 00:00
8eb940a2-8a38-4f4f-9afe-3b5d28fb5da6,sermons.ninja,available,,36,7,,,
b3b474ef-7b3c-422e-a5ec-8a0585da215a,sermons.online,available,,36,7,,,
27b26127-0e1c-4cfa-bb5d-a267c949a209,sermons.pro,available,,36,7,,,
9dc45aee-30f5-4d33-a417-172c1a9189c7,sermons.site,available,,36,7,,,
576b6b3c-e097-4322-a05e-31c29fcc1cd8,sermons.so,available,,36,7,,,
0a18f573-3195-48b7-b481-b8959bd64b1e,sermons.space,available,,36,7,,,
d0dc4666-122d-4b2b-85b4-79ad637022e9,sermons.us,resell,,36,7,"GoDaddy.com, LLC",21/05/2020 21:42,21/05/2026 21:42
4b1f6219-ea0f-481a-8135-dd4d522092ce,sermons.xyz,available,,36,7,,,
0a17856a-cb8d-4d15-80cf-963dc8abd391,sermons.zone,available,,36,7,,,
08456d9e-3044-4667-ad7d-78eb8be1d0c4,pastoralcare.at,available,,72,13,,,
31e0506b-7cd1-4533-84cf-be23186fc87d,pastoralcare.cloud,available,,72,13,,,
c2712856-91f8-4445-99d1-666dc7265a8d,pastoralcare.co,available,,72,13,,,
766c15ba-8544-41c7-9202-675a27ae817f,pastoralcare.com,resell,,72,13,"Inames Co., Ltd.",10/08/2000 09:44,10/08/2025 09:44
6f2c1f85-842e-41ba-8fea-dc4060ce4c59,pastoralcare.dev,available,,72,13,,,
9a281c21-ec3b-453c-b638-c4b489b0afa3,pastoralcare.expert,available,,72,13,,,
d2af94dd-2210-452f-80a6-a497deca33e6,pastoralcare.gg,available,,72,13,,,
24f71779-3ded-4001-8da0-868c24916be6,pastoralcare.io,available,,72,13,,,
531c7738-0f12-4905-b7e6-22c4822c4c55,pastoralcare.me,available,,72,13,,,
f153295b-ab2d-4b91-806e-975654aef455,pastoralcare.ninja,available,,72,13,,,
0f024dfe-482f-4c76-8e4a-e5cefa751700,pastoralcare.online,available,,72,13,,,
ecd1b3d3-7946-46c3-ad52-3606cfbfa05c,pastoralcare.pro,available,,72,13,,,
df1c69da-8874-4381-bf0a-f55be1e246e2,pastoralcare.site,available,,72,13,,,
4aaf5931-a328-4f03-943a-96532a1a1ca7,pastoralcare.so,available,,72,13,,,
dc3c8494-d9e6-4efe-8a09-7abf9e93c18f,pastoralcare.space,available,,72,13,,,
a11c462d-eca9-4ac9-a3d5-e511ec26a858,pastoralcare.store,available,,72,13,,,
e9957dea-6d3d-4f81-8f23-ee89c61493e6,pastoralcare.tech,available,,72,13,,,
7e451a8b-45c5-4fd3-8995-cec1cbaf1422,pastoralcare.us,available,,72,13,,,
1b7a6c56-3d9c-4ffb-987b-b71e48051dec,pastoralcare.xyz,available,,72,13,,,
6de33074-4992-4831-b9e2-11feb069bd32,pastoralcare.zone,available,,72,13,,,
d96bb4f4-c190-4e30-b1c6-c3bd0aac407e,rituals.at,available,,52,7,,,
4c83b8d1-00b4-44f1-b782-485b7ff306d3,rituals.cloud,available,,52,7,,,
c6dbac80-3f07-43d9-a93f-83d8ef41551f,rituals.expert,available,,52,7,,,
c599eb7b-8549-4525-92fe-55374d49096b,rituals.io,resell,,52,7,"GoDaddy.com, LLC",27/05/2019 10:16,27/05/2026 10:16
fa3e5762-36c9-4f3b-9dbb-ffee6d859650,rituals.net,resell,,52,7,"GoDaddy.com, LLC",24/12/1998 05:00,24/12/2025 05:00
b6a249c7-bd10-452f-a65c-0b41e936a57c,rituals.ninja,available,,52,7,,,
8ad32fed-d45c-4e9e-8364-08213247d234,rituals.pro,expired,,52,7,"Sav.com, LLC - 8",19/04/2024 17:00,19/04/2025 17:00
ca353e32-dfde-488a-a3f0-8166b26581c0,rituals.site,available,,52,7,,,
e41baacf-89d0-45e3-94bd-3b366c7d69eb,rituals.so,expired,,52,7,,,
24abcfb7-41fd-467b-84fd-bad56e9557f0,rituals.space,available,,52,7,,,
21165c40-6b76-4f9a-8391-cea6c2ff8258,rituals.store,available,,52,7,,,
3af31826-741f-417c-af75-e7da95839469,rituals.zone,available,,52,7,,,
bc15a188-cbcc-4be6-b72a-04a3234072a3,blessings.app,resell,52,44,9,"Blue Razor Domains, LLC",08/05/2018 17:13,08/05/2026 17:13
45559436-259d-4cee-8854-aee2ffb215b2,blessings.co,expiring,52,44,9,"GoDaddy.com, LLC",20/07/2010 18:04,19/07/2025 23:59
b7536590-5c4d-41fa-a2ad-787877e8e48d,blessings.dev,available,52,44,9,,,
b6b64e5b-5774-475b-9693-660c9f5758c0,blessings.expert,available,52,44,9,,,
d7992469-50e3-4fd2-b6e5-61eab81bcb2a,blessings.gg,available,52,44,9,,,
3135c63e-c165-4ee3-b4c5-5652f4e54405,blessings.io,resell,52,44,9,Porkbun LLC,02/06/2017 20:55,02/06/2026 20:55
c212cb4f-c553-48ae-8c19-3c67f51b325d,blessings.it,resell,52,44,9,,23/03/2020 09:00,08/04/2026 00:00
72d1d7a7-c90b-46d3-9199-b97dec847547,blessings.me,expiring,52,44,9,Alibaba Cloud Computing Ltd. d/b/a HiChina (www.net.cn),06/08/2024 01:57,06/08/2025 01:57
f11721f9-8aaa-4267-b7d1-43ee6f167e68,blessings.ninja,available,52,44,9,,,
4deca30f-1534-486f-900e-21139d3445b4,blessings.site,available,52,44,9,,,
3b3ae93d-87b2-4be2-8300-352650b51028,blessings.so,available,52,44,9,,,
50441357-c977-40d7-b9ab-ed86be978c87,blessings.space,available,52,44,9,,,
b5a55550-ba24-4093-8cd0-72c1a340be3a,blessings.us,expiring,52,44,9,"Wild West Domains, Inc.",21/07/2004 15:24,20/07/2025 23:59
7cc13ed0-1c8e-4f6b-9054-383b8b3177d0,blessings.zone,available,52,44,9,,,
acab35a2-bc4c-4bc1-9811-962f0b698438,Biblestudy.at,available,56,80,11,,,
671accc6-cacc-46aa-9811-30ad38d5b522,Biblestudy.gg,available,56,80,11,,,
de05529b-18a5-4af7-8c82-b4ba6f6d4d88,Biblestudy.io,expiring,56,80,11,"Sav.com, LLC",30/07/2021 14:30,30/07/2025 14:30
678d2e63-08d7-48dc-9a15-5c59bbf62ae4,Biblestudy.it,resell,56,80,11,,03/08/2010 15:39,04/09/2025 00:00
4629ca38-fcfb-40e0-82e2-7f4058a08e6f,Biblestudy.ninja,available,56,80,11,,,
98fa5378-7281-448b-a620-99da3e7bbee9,Biblestudy.so,available,56,80,11,,,
76e1bd5d-23b6-4513-9e4b-a93fde2011da,Biblestudy.store,resell,56,80,11,Namecheap,01/07/2024 17:25,01/07/2026 23:59
a0b97d69-7eb0-4510-9259-33205694fdeb,Biblestudy.zone,available,56,80,11,,,
34062282-5b12-4094-ba82-018dedb958bc,services.at,available,72,92,8,,,
4a85e913-c8a6-4708-90dc-f736d27e9a21,services.cloud,available,72,92,8,,,
022913c9-7fd9-4de1-be91-1ca8236fa9bd,services.co,resell,72,92,8,Hello Internet Corp.,25/02/2010 00:55,24/02/2026 23:59
3fe05864-07d9-4f83-b2b0-b45f83646628,services.online,available,72,92,8,,,
8b854c9a-c05e-4fc6-b080-761d5753cf41,services.site,available,72,92,8,,,
cc2b561f-1640-4620-b0ae-c235e5079085,services.space,available,72,92,8,,,
224a0751-cdda-4221-a952-af441532c412,services.store,available,72,92,8,,,
e75868ea-a536-435c-a269-be3e87321d88,services.tech,available,72,92,8,,,
39f8b055-a24b-457b-85fc-6f64c57d27e3,baptism.at,available,64,76,7,,,
d07fa668-79c0-4878-8eae-1f747b6d0e5f,baptism.co,expiring,64,76,7,Hello Internet Corp.,20/07/2010 18:00,19/07/2025 23:59
e0b1c352-d897-41bc-a617-94d55ae13ed1,baptism.com,expiring,64,76,7,GoDaddy Online Services Cayman Islands Ltd.,06/08/1997 04:00,05/08/2025 04:00
d43b6dc5-68f6-40fc-89c7-6f73eeb21052,baptism.dev,available,64,76,7,,,
bc6e18a6-3b57-420f-bba4-4db365ae2442,baptism.expert,available,64,76,7,,,
5b483e72-723a-41a0-876e-fb3e6af7c85e,baptism.gg,available,64,76,7,,,
7acad537-c4d8-454a-9566-144a5ffb970f,baptism.it,resell,64,76,7,,11/05/2010 15:28,01/06/2026 00:00
452657b5-809e-4d64-8766-d4d8be31e1c0,baptism.me,expiring,64,76,7,"GoDaddy.com, LLC",23/07/2008 16:18,23/07/2025 16:18
ab200b21-a1cf-4247-8b76-bff798aff603,baptism.net,resell,64,76,7,"NameCheap, Inc.",23/11/1998 05:00,22/11/2025 05:00
e7831834-4989-4f9c-9cd9-dd29b31f7fec,baptism.ninja,available,64,76,7,,,
056b4197-acf1-4f13-a47a-57510d78cf42,baptism.online,available,64,76,7,,,
4748ba86-0df1-443d-8ca8-e29ef99a11d5,baptism.org,resell,64,76,7,"GoDaddy.com, LLC",19/05/1998 04:00,18/05/2026 04:00
592c0213-a210-4ed5-98d5-15173715a591,baptism.pro,available,64,76,7,,,
9516df9f-50ef-4f1f-bdb2-a3e96f8d9be9,baptism.site,available,64,76,7,,,
7739cf3d-71e4-42e1-b9fb-17ff6f3b9327,baptism.so,available,64,76,7,,,
6b78df23-c530-4080-a41c-c33b33c38a88,baptism.space,available,64,76,7,,,
dd8aa22c-d014-43c0-b751-06f8f599b164,baptism.store,available,64,76,7,,,
167ed014-50c1-400a-854d-989ad0c9f447,baptism.tech,available,64,76,7,,,
53b47978-4ad2-4176-bc11-4480b7f6d7cb,baptism.zone,available,64,76,7,,,
6ac217f4-56d4-4f8f-b6a9-b6b28504d2c2,confirmation.at,available,54,84,12,,,
6c459331-08c2-4049-90ed-402502c74ef3,confirmation.cloud,available,54,84,12,,,
0a7c3754-40e4-41b0-bf48-667879798751,confirmation.dev,available,54,84,12,,,
305b15db-d536-4822-a36f-752043918b2d,confirmation.expert,available,54,84,12,,,
dd6301b6-38b2-44e6-a418-ae0b9d7d416b,confirmation.gg,available,54,84,12,,,
14a16581-a00a-4a41-9216-cf2eee0a552f,confirmation.it,resell,54,84,12,,14/02/2011 01:28,14/02/2026 00:00
fffc774d-2e75-4294-a071-4bb68c45afba,confirmation.online,expiring,54,84,12,"Sav.com, LLC - 15",01/08/2024 00:09,01/08/2025 23:59
b81f3c58-aff8-4672-ab09-96ad8a8f51b4,confirmation.pro,resell,54,84,12,"Sav.com, LLC - 11",20/11/2024 17:00,20/11/2025 17:00
0383fd02-1431-4f6f-bd1a-bb6342d0d6c2,confirmation.so,available,54,84,12,,,
4c6a95c5-0dc5-49b0-92c2-e1940942a9dd,confirmation.space,available,54,84,12,,,
5619493b-acce-4021-8c85-85e0d6672454,confirmation.store,available,54,84,12,,,
ef678244-be6f-467b-a100-f5b1eac430aa,confirmation.zone,available,54,84,12,,,
3a43d528-6c88-4ede-b34c-b10f3b00fa20,HolyCommunion.ai,available,62,72,14,,,
31a930ed-795a-4042-b7ce-659c69876f20,HolyCommunion.app,available,62,72,14,,,
e8f1118d-f9ed-460a-9616-d3cfb0a7b8f7,HolyCommunion.at,available,62,72,14,,,
d1bcd195-02e9-4141-be28-563093d24eed,HolyCommunion.cloud,available,62,72,14,,,
50b75895-bf6a-4de5-a963-d6ed70905831,HolyCommunion.co,available,62,72,14,,,
cdc860bc-7d1a-4e08-9bf4-794cd353a34f,HolyCommunion.dev,available,62,72,14,,,
176987cf-c6bd-4735-bb7e-26d60e48fdb5,HolyCommunion.expert,available,62,72,14,,,
de169071-d99c-4ef5-8cb3-183ec9813560,HolyCommunion.gg,available,62,72,14,,,
ff9599b5-cccb-4e5d-aeaf-224bbf5b7195,HolyCommunion.io,available,62,72,14,,,
ca1155e4-eb6e-4281-aed7-a97eede9c0be,HolyCommunion.me,available,62,72,14,,,
64cf061a-ebba-45e4-b379-ab76fcdc5ab7,HolyCommunion.ninja,available,62,72,14,,,
817b233d-3281-47dd-b72f-0f99915e856c,HolyCommunion.online,available,62,72,14,,,
dc829365-123f-496b-bf42-d931781fdb95,HolyCommunion.pro,available,62,72,14,,,
f4facec3-bc37-4904-8602-392e7bffe88a,HolyCommunion.site,available,62,72,14,,,
a282f5bf-7dd2-4cbb-8e4d-7318fe50239c,HolyCommunion.so,available,62,72,14,,,
02558e5e-444d-48ba-9eee-878e1d6a5712,HolyCommunion.space,available,62,72,14,,,
f99790c9-4d53-4e48-9fc3-d451da4865d2,HolyCommunion.store,available,62,72,14,,,
470b443c-f361-4d29-a3e6-ed493f6f9e9c,HolyCommunion.tech,available,62,72,14,,,
93a00674-4fd3-4620-9a62-9edbb8e1cbb1,HolyCommunion.us,resell,62,72,14,"GoDaddy.com, LLC",11/04/2013 13:49,10/04/2026 23:59
8e58fb5a-8e94-4e3f-91c7-090c2600baf7,HolyCommunion.zone,available,62,72,14,,,
3e02965d-3dfe-40f0-85b4-fd125cab189b,confession.ai,resell,68,76,10,"NameCheap, Inc.",23/04/2025 06:38,23/04/2027 06:38
80d8bad1-1f0c-4fda-bac9-9aeaa319c858,confession.app,resell,68,76,10,"Spaceship, Inc.",23/02/2022 09:27,23/02/2026 09:27
ba0ef26b-0d0e-4f3c-9c54-42b7acea4bb3,confession.at,sold,68,76,10,Emerion WebHosting GmbH ( https://nic.at/registrar/13 ),,
0ea8047b-9a24-49bf-9372-177f5cba69a0,confession.co,available,68,76,10,,,
969f8004-6048-485a-8128-6739759dace7,confession.dev,available,68,76,10,,,
f3cba4f7-e38b-459c-bf8c-2aa33cf6fe5d,confession.expert,available,68,76,10,,,
a001ae75-d700-43e9-aed1-463bb0a5e941,confession.gg,available,68,76,10,,,
2dff36c8-eed6-4d8c-81de-779a24e3133d,confession.it,expiring,68,76,10,,16/07/2010 09:07,07/08/2025 00:00
5ac651c0-f71b-4708-9218-a155cc4ed22b,confession.ninja,available,68,76,10,,,
1587013f-6858-49df-8194-917358a216bb,confession.online,available,68,76,10,,,
f279f3a2-6e63-412d-90ba-00c547ef91fe,confession.pro,resell,68,76,10,Epik LLC,27/08/2022 17:00,27/08/2025 17:00
59bf0b43-004b-4be8-85cf-7e7b54086b4c,confession.site,available,68,76,10,,,
c0e9302f-db5a-481b-ba50-26cb56573097,confession.so,available,68,76,10,,,
37b1b9f3-22a9-4b3a-9562-a2accbfe2984,confession.space,available,68,76,10,,,
37560749-636b-4ca1-bfa4-9e39299af573,confession.store,available,68,76,10,,,
254e16d6-e933-42a4-8768-e44ba61f9486,confession.tech,available,68,76,10,,,
f2fbf53d-5666-4925-b48c-f4438060553f,confession.us,resell,68,76,10,Dynadot Inc,15/07/2022 00:00,15/07/2026 00:00
c8793e1a-2adb-49eb-aa92-b1aea75d8ce1,confession.xyz,resell,68,76,10,Dynadot LLC,20/06/2020 01:32,20/06/2026 23:59
7bdd9a05-1baa-48c5-9a88-0231fbcbc61a,spiritual.ac,available,62,24,9,,,
2dd1e06e-f42b-421d-a8b6-277d238baa1b,spiritual.academy,resell,62,24,9,"Sav.com, LLC - 36",13/03/2022 13:15,13/03/2026 13:15
27b7b65b-7fff-454a-a12a-9d269bcb1963,spiritual.accountant,available,62,24,9,,,
79d757bb-901f-44d3-96c2-efaa0b17305e,spiritual.accountants,available,62,24,9,,,
aaa9ce2c-a486-4c71-81a6-d0d52155aa7b,spiritual.actor,available,62,24,9,,,
88c36175-6ddc-4418-9f4c-df934b1222ed,spiritual.adult,available,62,24,9,,,
b6161f40-2d08-4dcb-b215-89476d9b9085,spiritual.ag,available,62,24,9,,,
01629b11-254c-4fd7-abc5-0d4ef7fd58b2,spiritual.airforce,available,62,24,9,,,
b2f80fe4-44d7-4eb1-8261-0984b2f3ae98,spiritual.apartments,available,62,24,9,,,
c6531774-6205-4077-8562-b5a859e390bf,spiritual.archi,available,62,24,9,,,
0aac47fb-835c-4947-8237-710e7b3e6e57,spiritual.army,available,62,24,9,,,
94842154-a4c0-439c-bdb8-61e2ba477859,spiritual.art,available,62,24,9,,,
979b513d-fec8-408c-90a7-a9cd38b3a39d,spiritual.associates,available,62,24,9,,,
07a3200c-d8df-4d37-a065-152c73d6d509,spiritual.at,available,62,24,9,,,
0fa6a181-8531-4239-b3b6-787b4944335d,spiritual.attorney,available,62,24,9,,,
39ab2960-77d7-4785-b7ec-8eb904f31a73,spiritual.auction,available,62,24,9,,,
c012f4bb-4d04-4f72-bfae-0e8ba4346935,spiritual.auto,available,62,24,9,,,
1bd292fd-f18e-4e7b-9180-324152a133d7,spiritual.autos,available,62,24,9,,,
abade6e8-7aed-454a-9235-3723fc49f507,spiritual.baby,available,62,24,9,,,
3e4cf85f-7c2b-47f7-bfdd-532e0ff0f34a,spiritual.band,available,62,24,9,,,
2a91c70a-5e4d-48db-8ed1-fba6bb0f8157,spiritual.bar,available,62,24,9,,,
c2888797-5078-473a-a10b-1df6c3b07ef8,spiritual.bargains,available,62,24,9,,,
65510619-6aed-4df5-ad96-29f207d0359b,spiritual.bayern,available,62,24,9,,,
abf02e27-597d-4cc0-b9e7-2cef24ae3c82,spiritual.beauty,resell,62,24,9,"Spaceship, Inc.",15/09/2023 18:21,15/09/2026 23:59
c30016c0-2904-44b1-b284-6ed0774f88ac,spiritual.beer,available,62,24,9,,,
87e2e7a1-194a-4f1d-9cd7-c5762384539e,spiritual.berlin,available,62,24,9,,,
d52e14ef-259d-470b-9304-c804f68c8a7c,spiritual.best,resell,62,24,9,"Sav.com, LLC",15/12/2024 16:23,15/12/2025 23:59
45c2b302-c644-4dd5-bbad-24ebe37ffeea,spiritual.bet,available,62,24,9,,,
28a3f2fc-07bb-4bf6-9c46-5106a8c2f3b8,spiritual.bid,available,62,24,9,,,
d7131fbc-8a20-4dcd-afb0-5dde01333bff,spiritual.bike,available,62,24,9,,,
7f48c3ac-83a6-416b-bbe9-d5486eb54a33,spiritual.bingo,available,62,24,9,,,
35df4818-70e8-4b82-85a3-610680362dd9,spiritual.biz,expired,62,24,9,"Network Solutions, LLC",02/07/2023 00:36,02/07/2025 00:36
4ff853c3-19fa-4b0f-a696-f20b388091a5,spiritual.black,available,62,24,9,,,
6cee52de-cb02-4782-be18-2a75d3730028,spiritual.blackfriday,available,62,24,9,,,
8b84adaf-3ab0-4893-9bc2-5acd552c75c9,spiritual.blog,available,62,24,9,,,
0b4a445c-55aa-403a-9763-9d8194f62d0a,spiritual.boats,available,62,24,9,,,
12b90a9e-7ec5-4d37-a27b-f90bfdf5ca4d,spiritual.boo,available,62,24,9,,,
b761334f-165c-498c-b175-00a38182eb4d,spiritual.boston,available,62,24,9,,,
18467afc-3a4a-421d-8bce-9a754033a6c4,spiritual.build,available,62,24,9,,,
c1418680-454c-49d0-9510-62b519698231,spiritual.builders,available,62,24,9,,,
5b4e381c-a9cd-4f40-9f13-7818d0b15985,spiritual.buzz,available,62,24,9,,,
669e991c-05d8-4019-95a8-5eadefdac9ea,spiritual.bz,available,62,24,9,,,
e19accb6-b1ff-4c0c-8cf0-f4e06d2e562f,spiritual.ca,resell,62,24,9,CanSpace Solutions Inc.,09/11/2000 00:57,01/12/2026 05:00
5d13f64f-1fd3-44f2-a895-683a856f0c36,spiritual.cab,available,62,24,9,,,
33218506-2db2-40aa-9f52-e090fb458a06,spiritual.cafe,resell,62,24,9,"Sav.com, LLC",02/07/2025 20:21,02/07/2026 20:21
18ebb06a-f5c6-4ed7-b87b-d682e39d27f3,spiritual.camera,available,62,24,9,,,
e788b6ab-9d6c-4429-80f8-d090d3784dcc,spiritual.car,available,62,24,9,,,
47653fad-ce30-43b7-9b08-bd1632f992fb,spiritual.care,resell,62,24,9,Dynadot Inc,14/07/2024 15:15,14/07/2026 15:15
810f632c-fc9f-4697-9ae2-c68a110ce354,spiritual.careers,available,62,24,9,,,
204f143a-494e-48af-b1a5-2085f483b12a,spiritual.cars,available,62,24,9,,,
6965d629-4a34-4639-a928-9e98fe52bd72,spiritual.cash,available,62,24,9,,,
bb085f37-9a3f-4a94-b198-c083d80144d7,spiritual.casino,available,62,24,9,,,
0b2e40d9-1da8-41e3-a15c-028d2d5db58c,spiritual.catering,available,62,24,9,,,
7c8cfe83-1bcb-4d0c-946d-789de80b7d24,spiritual.cc,resell,62,24,9,"Chengdu West Dimension Digital Technology Co., Ltd.",01/11/2021 08:01,01/11/2025 08:01
90e1c43e-f791-46bf-a35d-14f705fe77cb,spiritual.ceo,available,62,24,9,,,
ec5adf6c-b17c-4030-9f73-63fb24f1d8ed,spiritual.cfd,resell,62,24,9,Dynadot LLC,21/04/2022 02:00,21/04/2026 23:59
409c1667-25a5-443f-9591-46d9cf00eb89,spiritual.charity,available,62,24,9,,,
40c439fc-9ec5-4239-ba3f-d527faa5aca5,spiritual.cheap,available,62,24,9,,,
864288ba-a84c-497f-a1ee-abca6b9c10d1,spiritual.christmas,available,62,24,9,,,
cb763f89-4478-4d53-a957-6115c657dee0,spiritual.church,expiring,62,24,9,"GoDaddy.com, LLC",14/09/2023 22:33,14/09/2025 22:33
b37dd63d-3e9d-46f6-8029-57870a096f50,spiritual.city,available,62,24,9,,,
44a58fc6-e5fd-4a74-b2a2-edee78581d17,spiritual.claims,available,62,24,9,,,
d0d373b3-419e-4b69-a4f2-581c1a1aa404,spiritual.click,available,62,24,9,,,
f7bac94c-b958-4d4a-ad78-18388b3d0f3f,spiritual.clinic,available,62,24,9,,,
bd0bf659-336b-4a43-8561-f7f4a557b0fa,spiritual.clothing,available,62,24,9,,,
41a10606-78fd-49b1-b8b8-9dc5c86b744c,spiritual.codes,available,62,24,9,,,
3a866c60-fe73-42eb-921d-0d6f6c2c6b1c,spiritual.company,available,62,24,9,,,
6cd01870-0fbb-478c-a344-6609d215c0ce,spiritual.condos,available,62,24,9,,,
f4bf0ce2-8d19-4990-8d80-c1e60d45d733,spiritual.construction,available,62,24,9,,,
6a12a967-78fb-45a7-8b00-74977fdb0a31,spiritual.consulting,resell,62,24,9,Domain Science Kutatási Szolgáltató Korlátolt Felelősségű Társaság,18/12/2024 14:54,18/12/2025 14:54
01a696d6-f26d-4723-ad4b-bbfbd4232729,spiritual.contact,available,62,24,9,,,
ad262a29-d6f2-4795-9b04-c5488c43877a,spiritual.contractors,available,62,24,9,,,
764abd75-58be-4094-b58f-a58cfb02167a,spiritual.cool,resell,62,24,9,Porkbun LLC,30/05/2024 03:19,30/05/2026 03:19
617c5e16-6bf7-406b-b3c8-76b580160df7,spiritual.country,available,62,24,9,,,
20b33fd0-5f25-48a0-9ba3-d266307d3c46,spiritual.coupons,available,62,24,9,,,
752f75c3-1640-4d6e-815c-1f54858576a3,spiritual.courses,available,62,24,9,,,
626e73d2-67ca-4167-bcc2-33a2e97f7e1f,spiritual.credit,available,62,24,9,,,
7d2819cc-1183-4e86-a07c-bdfa2943a395,spiritual.creditcard,available,62,24,9,,,
7dc8e2a6-76eb-4695-9809-a453c8cf09da,spiritual.cricket,available,62,24,9,,,
2d1a16cb-bffd-4ad6-90e2-8ea4573c3319,spiritual.cruises,available,62,24,9,,,
a544f7d6-bf85-4a17-b022-3ee5852f3e56,spiritual.cv,available,62,24,9,,,
6864ac36-4b5e-4cda-b1b6-a731d0c0581a,spiritual.cx,available,62,24,9,,,
0d4c0596-b8ed-4286-81ed-7c18b0bad45d,spiritual.cyou,available,62,24,9,,,
a26ba75b-f7fe-4d83-8c8a-33497f779b50,spiritual.dad,available,62,24,9,,,
e87bdff2-6e56-442b-824c-40fb6ae0f0eb,spiritual.dance,available,62,24,9,,,
102aa2d3-a134-41f0-ac56-779dba1262ee,spiritual.dating,resell,62,24,9,Dynadot Inc,21/08/2023 15:15,21/08/2026 15:15
4f137d39-9afd-4d64-9876-7a0b88d43346,spiritual.dealer,available,62,24,9,,,
5574a015-50d0-4e09-b4cf-82044176956f,spiritual.deals,available,62,24,9,,,
2dd144b5-9e63-4256-9882-2efecbc33f36,spiritual.degree,available,62,24,9,,,
176d66cd-eef0-4fda-969e-1efde6b87b67,spiritual.delivery,available,62,24,9,,,
12bd2c28-c95a-4258-a376-b0336ab4d857,spiritual.democrat,available,62,24,9,,,
a21988e0-d08a-4b22-a1d4-f5389f0166d6,spiritual.dental,available,62,24,9,,,
9b7cee85-1256-49ef-986d-0ac439f2a044,spiritual.dentist,available,62,24,9,,,
2c99f5ff-e125-44dc-ace9-6f598d0c6b01,spiritual.design,available,62,24,9,,,
76731964-c007-4c2b-9413-0c53d0eae55d,spiritual.dev,available,62,24,9,,,
6d04c9fb-4f85-4efa-9397-34c1a1df238d,spiritual.diamonds,available,62,24,9,,,
a1974f87-fd5c-44a3-a479-778ace49e9a5,spiritual.diet,available,62,24,9,,,
312405a5-e0e8-4c74-9b06-82dcdfcb5535,spiritual.digital,resell,62,24,9,"Sav.com, LLC - 25",29/01/2025 15:16,29/01/2026 15:16
54aa4921-5fee-4521-8559-11343b7d0505,spiritual.discount,available,62,24,9,,,
e492c828-0744-478f-9646-1cf991241c9e,spiritual.diy,available,62,24,9,,,
babdf834-a7eb-49a9-8972-e593951568c3,spiritual.doctor,available,62,24,9,,,
799b1274-aa21-47d1-88c4-11cc39fd7978,spiritual.dog,available,62,24,9,,,
9dba51e4-7a44-4d3e-82fc-459165102c9c,spiritual.domains,available,62,24,9,,,
0eb95f8e-7210-447e-b9b5-cdb38403e542,spiritual.download,available,62,24,9,,,
e4f11bbb-6448-4e41-b26b-f88470802952,spiritual.engineer,available,62,24,9,,,
85213c5f-df2a-4a37-9e54-297c6883962f,spiritual.enterprises,available,62,24,9,,,
592554c4-8493-4869-9ca1-422812fd1627,spiritual.equipment,available,62,24,9,,,
959a6111-e64e-41aa-a58e-c1b24e46bab4,spiritual.esq,available,62,24,9,,,
a6332f48-13cf-42c8-9018-eefdc0147c36,spiritual.estate,available,62,24,9,,,
6048c140-ef75-416f-acfb-88301daf4aa0,spiritual.events,resell,62,24,9,Dynadot Inc,16/11/2018 03:48,16/11/2025 03:48
e47f4525-c030-4f22-ad26-dee05ff05cc6,spiritual.exchange,available,62,24,9,,,
0c3208c8-e68a-42cb-8f54-f3cf19e461c8,spiritual.exposed,available,62,24,9,,,
212ef82c-c548-4371-9596-51675b34f597,spiritual.fail,available,62,24,9,,,
f389163f-d81d-4db6-8e14-b05454376d2a,spiritual.faith,available,62,24,9,,,
67c76512-a77e-415b-9e63-58cb934d2030,spiritual.family,available,62,24,9,,,
53c9816e-7f4b-4b78-87ac-262dfddc0dd2,spiritual.fan,available,62,24,9,,,
a0b333f7-03a7-4123-a8b2-8ab36acc34cc,spiritual.fans,available,62,24,9,,,
30ff52e6-aeae-4345-b677-15d7162041c4,spiritual.farm,available,62,24,9,,,
119202b6-ce45-4dd7-bc47-0099d033c46b,spiritual.film,available,62,24,9,,,
5db73ea6-cedb-42ac-a8f9-86d93e8e6d33,spiritual.finance,available,62,24,9,,,
a61b150d-d329-486e-8fd9-8d37e9a4fe72,spiritual.financial,available,62,24,9,,,
49142436-e942-4961-8c2f-4456211f43d5,spiritual.fish,available,62,24,9,,,
831dd9e7-9126-40b5-8b34-4f8a38c18a2b,spiritual.fishing,available,62,24,9,,,
3aa6b8d1-6948-4cd0-9f65-3a8024a670d7,spiritual.flights,available,62,24,9,,,
8893dd6b-6477-475c-b852-93021c631f5b,spiritual.florist,available,62,24,9,,,
4bb0a657-4885-4ce3-a677-1d14f986a47f,spiritual.flowers,available,62,24,9,,,
41ea3e47-d107-4b34-ad29-708665ba8763,spiritual.foo,available,62,24,9,,,
92dbc993-aefb-47ee-84f6-f7ad78b26450,spiritual.football,available,62,24,9,,,
2d791cfb-e236-4744-aff2-859d73beebfc,spiritual.forsale,available,62,24,9,,,
df605a10-e874-4595-bd03-28d7fcbb3b0d,spiritual.foundation,available,62,24,9,,,
544b4777-7478-482a-9cd2-7cc26c119ce1,spiritual.fun,available,62,24,9,,,
f17694fd-9b0f-45bf-b337-81e1d88e1fb2,spiritual.fund,available,62,24,9,,,
ee0af1c7-7dd0-4f1b-890b-882988977df8,spiritual.furniture,available,62,24,9,,,
a7bac6b9-8563-427e-b476-f0ab46dfbc12,spiritual.futbol,available,62,24,9,,,
dbd642b0-2cc0-408b-b429-45dc4b97b289,spiritual.fyi,available,62,24,9,,,
0ef7e699-3193-4e1e-8848-e9a3fc8830d3,spiritual.game,available,62,24,9,,,
14a88952-16ac-4f21-9dd4-899bc0476d0c,spiritual.games,available,62,24,9,,,
e5ea5453-bd0a-4f3b-88c9-b8868977ed83,spiritual.gay,available,62,24,9,,,
24be4cd6-f3f0-4043-b9e5-4c513edc0eca,spiritual.gift,available,62,24,9,,,
c9320806-ad8a-44b9-8bfc-54153abd4b02,spiritual.gifts,resell,62,24,9,1API GmbH,30/01/2022 13:15,30/01/2026 13:15
4147e823-f40a-465e-9b60-6789bb485192,spiritual.gives,available,62,24,9,,,
144e2ef9-00d1-4b81-a0e8-6ad11659edec,spiritual.giving,available,62,24,9,,,
6c20a561-e7f9-4d52-867c-5175320d0bc9,spiritual.glass,available,62,24,9,,,
8b998b65-7e19-41a7-b67d-0600dd14e290,spiritual.golf,resell,62,24,9,"Sav.com, LLC",03/10/2024 22:45,03/10/2025 22:45
b98d3481-2b96-43bc-89cb-abc6b076e1aa,spiritual.graphics,available,62,24,9,,,
db6c835b-1286-48ef-be92-e5eba32521ab,spiritual.gratis,available,62,24,9,,,
4210fce5-3f0b-4b1d-82ec-f25634918094,spiritual.gripe,available,62,24,9,,,
e006877c-1db4-477f-9d51-73d66f4ee8c4,spiritual.guide,expired,62,24,9,"GoDaddy.com, LLC",27/06/2021 23:47,27/06/2025 23:47
ab80a6b3-32ce-4f72-8959-33ae256a7dd8,spiritual.guitars,available,62,24,9,,,
bc027426-160e-4d69-8a81-1150177b68aa,spiritual.hair,available,62,24,9,,,
92d8f57d-466d-4d2a-b676-775cdb474e74,spiritual.haus,available,62,24,9,,,
60154d56-1798-4500-aebb-90e0f6ded863,spiritual.health,available,62,24,9,,,
369ebfd3-134e-40cb-b31c-c187f02e8c5a,spiritual.hiphop,available,62,24,9,,,
04bc6db1-19c0-4d3e-9c6d-619735d3bae7,spiritual.hiv,available,62,24,9,,,
321a0c27-68ae-449c-b477-c84e39ae349b,spiritual.hockey,available,62,24,9,,,
ec8237ca-3955-41fa-af3a-f2395558ed63,spiritual.holdings,available,62,24,9,,,
65bf07f0-7a91-4b22-be6c-4d1f8fa37be1,spiritual.holiday,available,62,24,9,,,
ba173a84-4002-462b-9730-19592e3fe864,spiritual.homes,expired,62,24,9,"Spaceship, Inc.",24/06/2024 17:02,24/06/2025 23:59
ef29befe-60f8-4c9e-b78a-0d7c60eab72f,spiritual.horse,available,62,24,9,,,
1b2f0b30-16c7-41fc-a6a1-6ea6dbc6447d,spiritual.hospital,available,62,24,9,,,
443c86e5-11c6-4968-b0c5-093ff2db5cbe,spiritual.host,available,62,24,9,,,
dc8f4ab5-04a9-45a4-acb3-a42ccf71f00e,spiritual.hosting,available,62,24,9,,,
9a0a52f6-bc40-4073-b46e-ab1c13e2f514,spiritual.hot,available,62,24,9,,,
bb8b588f-f4bd-48fd-82cc-34845ae7f0e6,spiritual.house,resell,62,24,9,"Sav.com, LLC - 39",08/08/2024 17:00,08/08/2026 17:00
3f233361-7cc0-4e57-99f8-9dab316c871a,spiritual.how,available,62,24,9,,,
362d81e2-9852-4a85-8194-4a0105a0e8f8,penance.ai,available,80,76,7,,,
9f64294f-3da1-42dd-a906-7a57b3a3717f,penance.at,available,80,76,7,,,
2e4fe414-c478-4cc7-a8a7-1b942dd2b077,penance.cloud,available,80,76,7,,,
f18c94ea-69ae-4290-90e7-a30989fc0345,penance.dev,expiring,80,76,7,Squarespace Domains II LLC.,03/08/2023 07:17,03/08/2025 07:17
9a942fef-d4c6-471e-9e99-f2cf3c82b1dc,penance.expert,available,80,76,7,,,
566ccb15-e970-4e3f-9591-2e2d8c4f992c,penance.gg,available,80,76,7,,,
a78561c3-c256-4d5e-8c05-be7428a964d5,penance.io,resell,80,76,7,Dynadot Inc,01/07/2023 12:18,01/07/2026 12:18
00aebd6b-e510-4b58-bba0-7317aa276d06,penance.me,available,80,76,7,,,
f0cf82e3-f72b-443f-9bc8-24cbf4d9b2ff,penance.ninja,available,80,76,7,,,
724bca0e-97cf-4f45-a808-3e804efc0ee6,penance.pro,available,80,76,7,,,
ebd4ba57-0a0c-42c6-bb77-7e076c4609b9,penance.so,available,80,76,7,,,
359ff004-5a37-46cf-80ba-0ec85238280a,penance.space,available,80,76,7,,,
a70efc2e-0929-4365-a6b6-077b2ef514df,penance.tech,available,80,76,7,,,
23d5b866-8a1e-4b36-88db-b30c69526c97,penance.us,expiring,80,76,7,Tucows Domains Inc.,23/07/2024 00:31,23/07/2025 00:31
a99e159d-30d6-49f8-9bd6-f6be1b42b0ed,penance.zone,available,80,76,7,,,
47e30ec8-10a1-4fea-9816-b5b0fc65c672,spiritual.im,available,62,24,9,,,
cf12556a-7a27-48c0-aab5-2baf1c86f53b,spiritual.immo,available,62,24,9,,,
7f53fd04-c1b5-4f7f-88b8-ae95e6598b44,spiritual.immobilien,available,62,24,9,,,
b8c6d6f5-7207-49b3-b515-215455d94ff0,spiritual.inc,available,62,24,9,,,
fb80cca7-12d4-4235-8f35-59a9483a7002,spiritual.industries,available,62,24,9,,,
a6c69ef4-5fef-4df8-b5d7-2a8c4979c518,spiritual.ing,available,62,24,9,,,
3a1b8d76-62ff-4e49-a61a-1efe72360c2e,spiritual.ink,expired,62,24,9,"Spaceship, Inc.",09/08/2024 00:29,09/08/2025 00:29
f5692261-c9dd-439f-b6e4-041c351f3fe0,spiritual.insure,available,62,24,9,,,
950b7a59-5980-4cd8-a31f-e6e1da8580e2,spiritual.international,expiring,62,24,9,"GoDaddy.com, LLC",19/09/2020 19:07,19/09/2025 19:07
0b1ebc25-53c1-4685-8145-dc2cf0aea528,spiritual.investments,available,62,24,9,,,
167ff60a-b7dc-45f5-9cf1-1e40a09a44a1,spiritual.io,resell,62,24,9,"GoDaddy.com, LLC",13/03/2015 22:46,12/06/2026 00:30
8665744f-ccaa-4557-b667-739642ca2aa7,spiritual.irish,available,62,24,9,,,
55a79f62-471b-421f-ab1d-4a1c8373c1cf,spiritual.jetzt,available,62,24,9,,,
f30a0ffd-32ce-4392-8a0b-292689c9995f,spiritual.juegos,available,62,24,9,,,
f46d4829-6107-4b6d-9acb-a589c8524904,spiritual.kaufen,available,62,24,9,,,
5ab287c1-5de4-4655-825c-920e69145ff8,spiritual.kids,available,62,24,9,,,
b88a540b-a430-4e53-a7d0-8690f0e5bc3f,spiritual.kim,available,62,24,9,,,
37010b1d-8fcd-4553-98fd-600d7152a59e,spiritual.lat,available,62,24,9,,,
e8faa1ff-93b1-4079-9013-c8ebf1f9215e,spiritual.law,available,62,24,9,,,
d3881ce6-14f0-4268-b2c8-5f677e5804e0,spiritual.lawyer,available,62,24,9,,,
e23b2ba4-bf86-464a-8a0c-be2519d3f35d,spiritual.lease,available,62,24,9,,,
f0abb525-09cb-406e-8c78-5b4cea8d1646,spiritual.legal,available,62,24,9,,,
6c612b76-dcdd-48b5-ace0-6e6b9353381b,spiritual.life,expiring,62,24,9,Squarespace Domains II LLC,20/09/2016 23:34,20/09/2025 23:34
7091455e-7733-4210-a49f-5e4866acb37a,spiritual.lifestyle,available,62,24,9,,,
1dcdece3-8765-4e73-83bb-8cd89dfd51db,spiritual.lighting,available,62,24,9,,,
7d3b3419-dadb-4dc5-b478-8385fdddf469,spiritual.limited,available,62,24,9,,,
bf1d739e-533a-458b-9055-222295b5cfd2,spiritual.limo,available,62,24,9,,,
f091a43a-a8d6-4855-8fae-aa65dd65e397,spiritual.link,available,62,24,9,,,
8b4342ab-e51f-4be6-9a7e-83e9f31ff12e,spiritual.live,available,62,24,9,,,
24b29cc9-6877-4e9a-a8e5-cb14e3436226,spiritual.living,available,62,24,9,,,
92cc77e8-bef4-4aec-86fa-f08d21318188,spiritual.llc,available,62,24,9,,,
b2a6528d-40fd-4e79-ad8c-1344d75335a2,spiritual.loan,available,62,24,9,,,
3f598b15-04dc-4cb8-8622-6d0228e7e1a2,spiritual.loans,available,62,24,9,,,
c284e763-e60e-4bc7-ace5-aed9ba80654d,spiritual.locker,available,62,24,9,,,
b2bcf466-bcca-4149-81e1-06f8083c8308,spiritual.lol,available,62,24,9,,,
d3072033-73b8-402e-b1ae-33f289ab9ba1,spiritual.london,available,62,24,9,,,
d707ef0b-6e69-416e-9ac7-b96710fa4018,spiritual.ltda,available,62,24,9,,,
0ca17d16-4597-4d24-8f22-9fd9f3ad3b16,spiritual.luxe,available,62,24,9,,,
a951a727-27bf-4205-82aa-2c57b0a03fd7,spiritual.maison,available,62,24,9,,,
2f05671e-9d58-435d-a48d-2e79f9f862ed,spiritual.makeup,available,62,24,9,,,
9aa4e0e4-1b35-4117-8f48-953c5beebfbd,spiritual.management,available,62,24,9,,,
56608fe4-9add-4b17-9fbd-c90dbe7fc361,spiritual.marketing,resell,62,24,9,"Sav.com, LLC - 7",04/08/2024 17:00,04/08/2026 17:00
a2f886db-5470-4107-bf51-0b2bf75afa01,spiritual.me,sold,62,24,9,"GoDaddy.com, LLC",17/07/2008 15:44,17/07/2026 15:44
2c3cfc3f-c7df-4781-802b-a2c8e5649eba,spiritual.melbourne,available,62,24,9,,,
4fecb72b-5dd5-4365-9816-6eb4e17498ad,spiritual.meme,available,62,24,9,,,
76a34811-4d0b-4c8d-9467-db14c1c45815,spiritual.memorial,available,62,24,9,,,
3fab126a-49bc-4558-9027-a9bca219cff1,spiritual.men,available,62,24,9,,,
f5ff7b52-e067-47bf-a7bb-4f95b68ae226,spiritual.menu,available,62,24,9,,,
a9894337-2509-4b33-8c6e-511f8b0717fb,spiritual.miami,available,62,24,9,,,
ae6d8b10-74e8-48a7-ac4c-3b826b1b1ad8,spiritual.moda,available,62,24,9,,,
5366d73e-3aa4-4abd-9802-ec8fce7654f3,spiritual.mom,available,62,24,9,,,
b0de3d59-fc08-4125-88ea-207b993566ee,spiritual.monster,resell,62,24,9,"Spaceship, Inc.",18/10/2024 01:04,18/10/2025 23:59
dc31f389-87ad-45b9-99ae-1740abe4a2b7,spiritual.mortgage,available,62,24,9,,,
0af152d5-9a48-48e6-bd40-328d4213fb5b,spiritual.motorcycles,available,62,24,9,,,
8474645d-64a6-4d28-9266-e2be1ee4888f,spiritual.mov,available,62,24,9,,,
0fe4c185-b734-47c9-9566-3dc70d151dc0,spiritual.movie,available,62,24,9,,,
e8793859-e2ec-4c26-a95d-dfa3840bffe5,spiritual.music,available,62,24,9,,,
be6a36a7-7de7-4217-be56-b7ab66008957,spiritual.mx,available,62,24,9,,,
e196eacf-7935-43fd-8637-a7f3cdf552c0,spiritual.name,resell,62,24,9,"NameCheap, Inc.",14/10/2021 02:54,14/10/2025 02:54
eed704e6-7cf4-4da1-9681-1a3e5a1172b8,spiritual.navy,available,62,24,9,,,
b677867c-8be4-4f26-b840-78cf860d95cf,spiritual.net,sold,62,24,9,Dynadot Inc,26/08/1996 04:00,25/08/2026 04:00
d7dba7ad-6d8f-4db8-92c4-e9115c4d2629,spiritual.network,available,62,24,9,,,
a45c98f8-02ec-45d5-8c86-981c507b27ac,spiritual.nexus,available,62,24,9,,,
7fc004b9-703c-4b86-aacf-6ee24dbbf7fe,spiritual.ngo,available,62,24,9,,,
c391b331-6005-4d97-8a0c-49eb750aa154,spiritual.nyc,available,62,24,9,,,
243a2f2f-3a3b-4ebb-b96a-544b05814863,spiritual.one,resell,62,24,9,Dynadot Inc,12/02/2020 09:38,12/02/2027 09:38
ea4b9e30-1e01-4f44-af44-bd73cc8c7c26,spiritual.ong,available,62,24,9,,,
31a85035-6bff-49e9-8ffc-768ac5ffd604,spiritual.onl,available,62,24,9,,,
7d294170-6291-4802-b10f-de6590b6d920,spiritual.ooo,available,62,24,9,,,
979c6056-9127-4479-b446-99ee810a6bd4,spiritual.organic,available,62,24,9,,,
54209f02-07ed-4492-aa97-f66e1c719ea5,spiritual.osaka,available,62,24,9,,,
94f63852-ecef-471f-8323-ca6068fbcdb5,spiritual.page,available,62,24,9,,,
5fccb21a-a680-4ec8-b304-6b205369dea6,spiritual.parts,available,62,24,9,,,
da3a2f6c-defa-4bee-a334-d0d545322b50,spiritual.party,available,62,24,9,,,
acc1f7da-7f97-4559-9819-a9ff408ccb5c,spiritual.pet,available,62,24,9,,,
7a95b40e-7021-48e6-9827-bd7fe6411684,spiritual.phd,available,62,24,9,,,
64de3d85-ba05-4fb3-be22-c16932a28584,spiritual.photo,available,62,24,9,,,
b3b983c4-0031-4551-90a8-b5807768df93,spiritual.photography,available,62,24,9,,,
c66aa159-9b92-46f6-8537-61c0709226e0,spiritual.photos,available,62,24,9,,,
9da2bebe-9837-4a9a-9df7-d182771c0610,spiritual.pictures,available,62,24,9,,,
a25af8a6-9e50-4313-bec4-9bc8c983562e,spiritual.pizza,available,62,24,9,,,
0699dcbd-52af-479e-a771-b19441cf70be,spiritual.place,expiring,62,24,9,GoDaddy Online Services Cayman Islands Ltd.,31/08/2017 23:21,31/08/2025 23:21
3aabf84f-79b6-4897-9274-1334c5d2d3e9,spiritual.plumbing,available,62,24,9,,,
6030cd7c-8333-4dad-bfe0-28858f48a3c5,spiritual.plus,available,62,24,9,,,
6a014f02-0345-4d9b-a335-873ed57fa13f,spiritual.poker,available,62,24,9,,,
f301be54-6a78-461f-85cc-e77d0d4ca884,spiritual.porn,available,62,24,9,,,
2084eb90-80c7-4cb1-b8fb-b19212d722e5,spiritual.pro,resell,62,24,9,Dynadot Inc,10/02/2019 10:25,10/02/2026 10:25
3da5f631-4c68-4b03-929d-077b5a77a498,spiritual.productions,available,62,24,9,,,
b32c8a2d-cbd5-449d-8d5e-326f1dd27a17,spiritual.prof,available,62,24,9,,,
2cc5bfb3-6766-4fbc-8165-2823cea81964,spiritual.promo,available,62,24,9,,,
11bea58f-ea65-4de8-bdad-aea0d228744d,spiritual.properties,available,62,24,9,,,
8d51dad9-7469-479f-8f23-074d367c1262,spiritual.property,available,62,24,9,,,
9451f9c2-28f6-4634-9687-7f462a03820b,spiritual.protection,available,62,24,9,,,
6eb9752b-3680-4383-8594-9d4217801787,spiritual.pub,available,62,24,9,,,
4f0b6516-7e71-42b6-bfc7-9501f1b4ff17,spiritual.pw,available,62,24,9,,,
153db559-a48c-4ac9-8a25-fc70c2254581,spiritual.qpon,available,62,24,9,,,
64896110-e328-41f2-97e1-07fc752d6042,spiritual.racing,available,62,24,9,,,
189598d4-98e4-4f93-8f91-fdbf27316f99,spiritual.realty,available,62,24,9,,,
0da02837-54fb-42ff-a3fd-07de64bb760e,spiritual.recipes,available,62,24,9,,,
324b6ebd-9b49-49c6-8cbe-bca7c7ff7f41,spiritual.red,available,62,24,9,,,
34d7492f-37fd-44f1-af8a-c023cfd2f81f,spiritual.rehab,available,62,24,9,,,
527582b4-921c-4a0e-aef9-6c4b45333d5f,spiritual.reise,available,62,24,9,,,
afcbbc5d-c14b-477b-974d-3e1bd5830d8a,spiritual.reisen,available,62,24,9,,,
21b24358-1704-4b58-aa73-a3e9f59fe316,spiritual.rent,available,62,24,9,,,
275ec56f-56b5-49fd-8f00-18c0589db4a1,spiritual.rentals,available,62,24,9,,,
3d93d155-f250-4ae2-a196-c852b58d3f02,spiritual.repair,available,62,24,9,,,
f5032bfb-42b0-48d5-a08f-9e3186696f40,spiritual.report,available,62,24,9,,,
e46a0cae-671f-4e3e-979e-cd33bc9701f0,spiritual.republican,available,62,24,9,,,
7190ce58-5de0-48b6-9303-c3629d30a84b,spiritual.rest,available,62,24,9,,,
75a0d822-8916-49c8-b182-3458b058ad58,spiritual.restaurant,available,62,24,9,,,
c53c2acf-b640-453a-b9aa-330bd9bea1ae,spiritual.review,available,62,24,9,,,
fdc94901-82c0-415a-9226-cb43f50fab99,spiritual.reviews,available,62,24,9,,,
09d711ed-6d24-412a-8f4d-9e0168589563,spiritual.rich,available,62,24,9,,,
2fa0412c-a52d-4683-a884-91a8787f1095,spiritual.rip,available,62,24,9,,,
00a47d3f-6523-4ea8-bffb-18541f679e0a,spiritual.rocks,available,62,24,9,,,
67a7699b-73a6-4d44-9742-2f2301cbe69f,spiritual.rodeo,available,62,24,9,,,
ac9c41e6-3111-4c9e-8901-78d5a5500e70,spiritual.rsvp,available,62,24,9,,,
8a8991ee-e6f5-42d8-bb51-4995ecb1ff50,spiritual.run,available,62,24,9,,,
0b6d50fd-c9dd-44fc-b0ca-3301c407a619,spiritual.sale,available,62,24,9,,,
0b922aac-b42b-4fab-8411-7db06c481e97,spiritual.salon,available,62,24,9,,,
e31fa469-6cb4-4567-8a97-e7c8410bac8e,spiritual.sarl,available,62,24,9,,,
97aa7ef0-2241-48d2-881c-1e7e462090b0,spiritual.school,resell,62,24,9,"Chengdu West Dimension Digital Technology Co., Ltd.",19/05/2023 15:15,19/05/2026 15:15
73e1e63b-595d-48b7-93dd-b08b46eafa10,spiritual.schule,available,62,24,9,,,
eeda973c-38ee-4f55-ad74-b9dd71ac3b8b,spiritual.science,available,62,24,9,,,
6fbb8d57-2e5d-4c61-acfe-fd55eddb1a96,spiritual.security,available,62,24,9,,,
dca80333-cc05-49fc-9de5-9a17bae6c9a8,spiritual.services,available,62,24,9,,,
e261f6b0-d87f-4460-89e9-2aa82ae74d9c,spiritual.sexy,available,62,24,9,,,
5c5f81e9-bd3c-4e36-a4f1-e4cd9ace9a4a,spiritual.sh,available,62,24,9,,,
75ab5732-be04-4786-832e-8c1d21c90453,spiritual.shiksha,available,62,24,9,,,
dc949f56-91fb-49df-8039-3d49214a9f7c,spiritual.shoes,available,62,24,9,,,
ae8ddc32-182e-4da2-958f-1069702cdb3d,spiritual.shopping,available,62,24,9,,,
f1abaf38-8e15-4b10-bdef-75f12db5ca04,spiritual.site,available,62,24,9,,,
5b88c772-1e81-4273-9384-f1186d03f39d,spiritual.ski,available,62,24,9,,,
e501f63e-3a0b-460a-b953-fe3804a57662,spiritual.so,resell,62,24,9,NameCheap,01/12/2023 12:13,01/12/2025 12:13
71c406da-33c1-4ae4-94aa-c86262deae0b,spiritual.soccer,available,62,24,9,,,
e8b6667d-7531-48cf-9b3f-b37574408cdc,spiritual.solar,available,62,24,9,,,
10751064-273b-4f80-b16d-d44b3d46d871,spiritual.solutions,available,62,24,9,,,
78062fb2-abc9-4e83-97a6-8e63cad2f43f,spiritual.soy,available,62,24,9,,,
9d49c5e7-ca5c-4033-9b7e-0676d26465d0,spiritual.space,available,62,24,9,,,
5cc59678-0ba0-4883-a3b7-152f233b5480,spiritual.spot,available,62,24,9,,,
67e9a4b7-cc7c-4641-b188-37cfa40a1969,spiritual.srl,available,62,24,9,,,
7c4d972a-3949-4fd2-a603-09afc05b090f,spiritual.storage,available,62,24,9,,,
2a404bd5-5799-4829-ad21-9229655097dd,spiritual.stream,available,62,24,9,,,
f0d27c8d-3537-4848-bee7-4200cd876125,spiritual.studio,available,62,24,9,,,
fa574d38-afbf-49c2-8375-006eaacb29e9,spiritual.sucks,available,62,24,9,,,
6920e684-3582-466a-b168-0290d893cf6f,spiritual.supplies,available,62,24,9,,,
99f87ae3-122f-4a8c-9a08-e8145d65bbd5,spiritual.surgery,available,62,24,9,,,
96405c85-8c45-4ed3-ac94-bcdb7aa53474,spiritual.sydney,available,62,24,9,,,
7ec023d7-3896-4224-9072-1d51e7f64a2e,spiritual.systems,expiring,62,24,9,"NameCheap, Inc.",23/09/2021 02:54,23/09/2025 02:54
da0a7d94-a688-4988-aa22-826c09af92f9,spiritual.tattoo,available,62,24,9,,,
a2a7bd6f-9a56-4fbf-ae7f-21df77cfcf3e,spiritual.tax,available,62,24,9,,,
571d3ec8-a7ad-422b-985d-fe30dab912f5,spiritual.taxi,available,62,24,9,,,
85b58474-c9f4-4887-87db-0f8318c4b1e0,spiritual.team,expiring,62,24,9,"Xiamen ChinaSource Internet Service Co., Ltd",18/09/2019 23:18,18/09/2025 23:18
dbb87de1-4517-45bd-9118-6c9281c70432,spiritual.tech,available,62,24,9,,,
044d05f1-90ae-4e71-9f20-fca08baa6fd6,spiritual.tel,available,62,24,9,,,
0db039e5-3350-4dc0-9872-36fbfa4ac2bc,spiritual.tennis,available,62,24,9,,,
6fe73297-3b20-49df-b3cd-6061568bffde,spiritual.theater,available,62,24,9,,,
67fc40f1-6420-4178-8de9-b04fda5079d7,spiritual.theatre,available,62,24,9,,,
4b950296-7c9f-4751-bbd8-184ad7c1680c,spiritual.tickets,available,62,24,9,,,
9a515e75-3974-4da7-9f0c-37aa3f1d0dbb,spiritual.tienda,available,62,24,9,,,
d0e45cd8-cab8-4359-b598-265fc655d3d0,spiritual.tires,available,62,24,9,,,
998e491f-f8da-433c-86df-dda508c48513,spiritual.today,resell,62,24,9,"Sav.com, LLC - 44",07/12/2024 17:00,07/12/2025 17:00
1631a0c3-4413-467c-8d65-ee8ffb9821f5,spiritual.tools,available,62,24,9,,,
214a830f-19eb-44d1-b033-8ff176eb3c03,spiritual.top,expired,62,24,9,厦门市中资源网络服务有限公司,25/06/2019 18:03,25/06/2025 18:03
d62a6403-fa91-4198-9cf0-b7dba2334995,spiritual.tours,resell,62,24,9,Dynadot Inc,11/12/2019 12:07,11/12/2025 12:07
b00d856e-a004-412c-a4f7-3956b994668a,spiritual.town,available,62,24,9,,,
52f0bd4d-d3c2-4e9a-9153-35aabac53ad5,spiritual.toys,available,62,24,9,,,
15ea4ced-7e9f-4b47-ac4d-88e47e4a5607,spiritual.tube,available,62,24,9,,,
d53f5803-ce78-4fb6-98c6-d89bcba8783f,spiritual.tv,resell,62,24,9,Dynadot Inc,23/03/2010 20:53,23/03/2026 20:53
ff7e9d79-201a-4970-b62c-51e6e4b754ac,spiritual.uk,resell,62,24,9,Existent Ltd,05/08/2014 21:42,05/08/2026 21:42
68ec55fa-b16d-4e07-9c22-fc70ae4b2e22,spiritual.uno,available,62,24,9,,,
92d17dfd-8fd6-4b8b-9fd1-a3b4cd9e8899,spiritual.vacations,available,62,24,9,,,
86658fd9-5a0b-43c3-bb25-266fa79773e4,spiritual.vana,available,62,24,9,,,
9a073a8f-aece-4cde-b6ca-1c0490d3bf69,spiritual.vc,resell,62,24,9,"GoDaddy.com, LLC",03/07/2020 21:40,03/07/2026 21:40
cb58ebe7-cc9c-4c1d-84e5-1ee076724dd5,spiritual.vegas,available,62,24,9,,,
10f168bf-2521-4835-8e54-fd7db19e60f8,spiritual.ventures,available,62,24,9,,,
f414ad30-68b7-4a6b-9f97-05efbe773de8,spiritual.vet,available,62,24,9,,,
d5a33467-7c4a-4fef-9454-3c8fe1786ec2,spiritual.viajes,available,62,24,9,,,
1c1b8074-13d0-48d1-80c0-4eb0452c3730,spiritual.video,available,62,24,9,,,
8df168d3-d52c-42b1-821a-0d89d0bb81db,spiritual.villas,available,62,24,9,,,
9e0c9011-2585-46e4-b629-01f307aa084c,spiritual.vin,available,62,24,9,,,
b5068699-09ac-43c8-b25d-c79193772a2c,spiritual.vip,available,62,24,9,,,
b9ade22f-16f2-4638-bc7e-706ab73d4af6,spiritual.vodka,available,62,24,9,,,
95298452-a32f-42ad-8cc4-868d894f9a88,spiritual.vote,available,62,24,9,,,
bfcd8085-8d7b-4ebd-9729-b4388e0ebd97,spiritual.voting,available,62,24,9,,,
d65d473a-8cdd-491e-9e24-aa9859885fbd,spiritual.voto,available,62,24,9,,,
276734a7-5838-403f-9e9e-99b26b20f596,spiritual.watch,available,62,24,9,,,
c6682d5c-29b2-4b34-a14d-15e2f88c2d1c,spiritual.webcam,available,62,24,9,,,
ea32888e-8e87-4081-8fc1-500fab417478,spiritual.website,available,62,24,9,,,
960f4f0e-4a84-41c4-8be5-44e1b72f26a9,spiritual.wedding,available,62,24,9,,,
52501dfa-afb5-4432-bace-7203e8c3406d,spiritual.wiki,expiring,62,24,9,"NameCheap, Inc.",20/09/2024 21:05,20/09/2025 21:05
466df07e-fe26-42c6-8183-a71852214bb0,spiritual.win,available,62,24,9,,,
b6c45f32-bb34-42e9-bcf1-3b36f528c8dc,spiritual.work,resell,62,24,9,"DNSPod, Inc.",26/04/2022 00:00,26/04/2026 00:00
903bac75-a2dc-4635-b8e4-452c1b1aed3d,spiritual.works,available,62,24,9,,,
6a476f0e-f8de-41a2-8e89-cdf884896171,spiritual.world,resell,62,24,9,Dynadot Inc,02/04/2021 00:33,02/04/2026 00:33
5f329c2e-b19e-47ce-aaec-c9606640f054,spiritual.wtf,available,62,24,9,,,
89d2c891-ad02-43d2-90b6-e4013c7975a1,spiritual.xyz,resell,62,24,9,Dynadot LLC,24/12/2018 19:05,24/12/2029 23:59
a51a9462-571b-4df8-98e5-4c63272a408d,spiritual.yachts,available,62,24,9,,,
ce56b14c-111f-4eac-9df1-629575a739a5,spiritual.yoga,resell,62,24,9,"GoDaddy.com, LLC",26/08/2020 18:52,26/08/2026 18:52
b36aa9ab-0b78-4e6d-98f2-53ed5fe7dace,spiritual.zip,available,62,24,9,,,
c95f2881-0ac6-4855-b150-91cf06588400,absolution.cloud,available,62,88,10,,,
122d77fd-3192-4a5a-ad20-b7399e0c8244,absolution.dev,available,62,88,10,,,
b43394d6-0e2a-4757-9d49-48f625b53fc4,absolution.expert,available,62,88,10,,,
e1a0e115-c938-4c50-a733-b10e9301327b,absolution.gg,available,62,88,10,,,
5d4f7777-1fb8-4cee-a09d-6275269fd56a,absolution.it,resell,62,88,10,,24/02/2012 19:14,12/03/2026 00:00
4468f1a3-fe99-473e-ab4a-b70bb336a115,absolution.ninja,available,62,88,10,,,
c35274cc-2076-459c-8bbe-6e4c4879c834,absolution.online,expired,62,88,10,Cronon GmbH,11/05/2022 01:59,11/05/2025 23:59
a285353c-3264-4756-bd7e-defcbfe03cad,absolution.so,available,62,88,10,,,
15d9a91f-02f2-4dbf-9463-270983608f93,absolution.space,available,62,88,10,,,
177de606-cc2e-4210-b9b0-71b49c4fe07a,absolution.zone,available,62,88,10,,,
e232b0e0-fce6-4efe-b24e-da76a95d03c1,counseling.at,sold,62,84,10,unixSECURITY InternetdienstleistungsGMBH ( https://nic.at/registrar/263 ),,
9db3b861-4d29-475b-bdd6-d45d7d25d948,counseling.cloud,available,62,84,10,,,
e6981591-4b3c-43b4-8535-41fb62030ee9,counseling.com,resell,62,84,10,Tucows Domains Inc.,29/05/1995 04:00,28/05/2026 04:00
31cb0baf-765f-4738-9307-8ae610cd3f0b,counseling.dev,available,62,84,10,,,
29b51976-d99a-45b1-a34b-028b40193d17,counseling.expert,available,62,84,10,,,
c0dd40b8-299b-47f8-93d9-6d99b43bb457,counseling.gg,available,62,84,10,,,
cc2cba81-0507-4999-8938-0aa6863bd5bd,counseling.me,resell,62,84,10,Dynadot Inc,09/07/2008 17:02,09/07/2026 17:02
e4d3d167-0ce9-4b7f-9d73-eaf923ae3f4e,counseling.online,available,62,84,10,,,
7b152b71-1f75-4841-b939-b64ff413571b,counseling.pro,resell,62,84,10,"GoDaddy.com, LLC",13/12/2007 00:00,13/12/2025 00:00
10c66149-a450-4dd6-b4a4-3df350f2267b,counseling.site,available,62,84,10,,,
ab86d202-ab5b-462a-90b7-ebc62c8fcf55,counseling.so,resell,62,84,10,NameCheap,28/05/2024 07:36,28/05/2026 07:36
b5cce109-9e48-41e9-89e4-90012b4f2a73,counseling.space,available,62,84,10,,,
f12d1a4c-9f1f-47c1-9b16-907dc027dbf3,counseling.store,available,62,84,10,,,
fd7cce1f-d2a9-4bc5-811a-7587a4816ea9,counseling.tech,available,62,84,10,,,
f72e7b46-3005-4c30-9a7d-aef4ce31b2bf,counseling.xyz,available,62,84,10,,,
410f707a-a731-4cd4-ac7b-2691ef4bf058,ordination.app,available,56,80,10,,,
1d3e7418-67ef-4ca9-81b3-12dc0445c54c,ordination.at,available,56,80,10,,,
fb100bfd-ac06-4c95-acba-7cc36804e8ac,ordination.expert,available,56,80,10,,,
983c29fe-bdaa-4b23-8ea0-df890cf864db,ordination.gg,available,56,80,10,,,
5fcb1b3b-ec84-4ae5-9a09-3cb393640e52,ordination.me,available,56,80,10,,,
b0df3c88-4aba-4c86-8edb-d2c805a1eb5f,ordination.ninja,available,56,80,10,,,
ef39f3f3-713e-4ced-a0dc-7f6355a24d3e,ordination.online,available,56,80,10,,,
13fc8768-b1d8-413a-bc79-3e99cfdbb9ee,ordination.site,available,56,80,10,,,
c7e42c11-5157-4cd4-8c15-4ff6b72de18a,ordination.so,available,56,80,10,,,
f0b2482d-b891-41cf-ba87-2118e8df16bd,ordination.space,available,56,80,10,,,
43f4bd75-5726-47c2-8dc1-c15cda7ec7e2,ordination.store,available,56,80,10,,,
1aa40487-ba62-43ea-94c8-3e39dc568e86,ordination.tech,available,56,80,10,,,
db145ede-a716-4133-b6a3-9adb735ed7de,ordination.us,available,56,80,10,,,
f2204be5-6fb2-42c8-a295-e99f540adc62,ordination.zone,available,56,80,10,,,
6e41ce89-68b1-4ca2-b62e-19a6ebbccff1,pilgrimage.at,available,50,80,10,,,
93b0a787-cff6-41dc-8857-3dd77be5dc1c,pilgrimage.cloud,available,50,80,10,,,
f2c2066f-de9d-456a-abc9-15deeeff5783,pilgrimage.expert,available,50,80,10,,,
c7412273-9091-4725-8072-a46348e03247,pilgrimage.gg,available,50,80,10,,,
77f09519-1552-4bcc-b04e-88a7d5ce99c3,pilgrimage.it,expiring,50,80,10,,21/07/2009 09:47,29/07/2025 00:00
d7b04c2a-585d-4f90-8758-405ace2a544e,pilgrimage.me,available,50,80,10,,,
64c1739a-51db-40e0-aff5-ed06530d7e57,pilgrimage.ninja,available,50,80,10,,,
0bc9aa84-eb03-4584-9025-3e5ff4766459,pilgrimage.so,available,50,80,10,,,
a65b4515-680d-4079-b71f-b0152b2d7c93,pilgrimage.zone,available,50,80,10,,,
f7dbffb9-528b-478c-96d6-d62394393e8f,prayer.at,resell,78,80,6,Realtime Register B.V. ( https://nic.at/registrar/423 ),,
b5583d1e-18f1-4cdc-a201-06c0855db417,prayer.dev,available,78,80,6,,,
17eba818-225f-4d4a-b098-474773311b1a,prayer.expert,available,78,80,6,,,
93a4b53d-807e-4f4c-8c1a-168365b3fafd,prayer.gg,available,78,80,6,,,
1542f144-a7d3-4bb9-b91a-79b987f2eb49,prayer.io,expiring,78,80,6,"NameCheap, Inc.",23/04/2011 00:20,22/07/2025 00:30
7d6ec520-5650-44d1-a3b0-937c58fb6df1,prayer.me,available,78,80,6,,,
0aff96fe-ea3c-4ccf-a004-6d85e4084d21,prayer.ninja,available,78,80,6,,,
63eb6e16-6f14-4e50-95fb-87458acc3877,prayer.online,available,78,80,6,,,
2d72b594-3ae6-4fa4-98e7-0d25beff9894,prayer.pro,resell,78,80,6,"Sav.com, LLC - 9",01/07/2023 17:00,01/07/2026 17:00
426d32fe-9f08-4fcd-92cb-49a7ebf2cc1c,prayer.site,available,78,80,6,,,
f194d7be-fdf5-4211-8d77-0258be0e0632,prayer.space,available,78,80,6,,,
4752b858-8c35-4598-b7ae-2cbbea1434a7,prayer.store,available,78,80,6,,,
78530a02-fef2-4872-aa3f-95c5fbbdb18e,prayer.tech,available,78,80,6,,,
56603ffc-0415-4a15-8296-52fe455d1f5c,prayer.us,resell,78,80,6,"GoDaddy.com, LLC",24/04/2002 14:14,23/04/2027 23:59
6852f258-94c4-4af1-8f04-83d38d17d4f5,prayer.zone,sold,78,80,6,"Global Domains International, Inc. DBA DomainCostClub.com",06/07/2024 18:50,06/07/2026 18:50
8752de0e-4b0e-4998-9ac9-c8bf6b4fa57e,study.app,resell,102,88,5,Dynadot LLC.,04/05/2018 21:26,04/05/2026 21:26
cbb3a94a-18c9-458e-bd36-e016739859e8,study.co,resell,102,88,5,"GoDaddy.com, LLC",29/09/2010 17:30,28/09/2025 23:59
a60fbc8e-ed5a-4b13-963b-f7140ad4bcf6,study.expert,available,102,88,5,,,
639f5aad-50c5-450a-ad94-feb8bc380793,study.gg,resell,102,88,5,Dynadot Inc. (https://www.dynadot.com),,
6366ef72-b573-4bee-a350-a950a8754f0d,study.it,resell,102,88,5,,21/01/2000 00:00,25/01/2026 00:00
7d78102b-74a6-45f2-9b85-ba94594d6432,study.ninja,resell,102,88,5,Hosting Concepts B.V. d/b/a Registrar.eu,28/05/2014 17:00,28/05/2026 17:00
a6f46472-c3eb-4450-9d25-1844ead6de7a,study.online,available,102,88,5,,,
a83f53ea-4d7e-416f-ae70-aeee6e28eb86,study.site,available,102,88,5,,,
5736e080-9ffe-432a-b50d-219b7127892a,study.store,available,102,88,5,,,
3edc1f2f-716d-456f-bbd8-3e12617a2c15,worship.at,available,84,76,7,,,
750a13f1-a677-45f8-9fba-009ba143efe3,worship.co,resell,84,76,7,Dynadot Inc,20/07/2010 18:00,19/07/2026 23:59
93d91a2a-509b-4c59-97b2-3ed01c40c634,worship.dev,available,84,76,7,,,
2cfe038e-2f16-486c-9037-987a5fca14d7,worship.expert,available,84,76,7,,,
32db037e-9c29-4c28-87f0-1aa8bac99057,worship.gg,available,84,76,7,,,
b3eef603-9de0-4c85-aa03-5f2a6609994e,worship.it,resell,84,76,7,,15/09/2011 01:47,11/10/2025 00:00
68f97e13-f5c9-4b24-9895-449209397791,worship.me,available,84,76,7,,,
a3d3e9ba-275a-40c9-853f-6f914e002e4b,worship.pro,sold,84,76,7,Dynadot Inc,07/05/2019 10:39,07/05/2026 10:39
6b030b9f-9d52-4bc7-be10-6ee07d6012f2,worship.site,available,84,76,7,,,
ba9a942a-f6e9-4973-a1e3-63fb34d96ba2,worship.so,available,84,76,7,,,
f9bbe693-b42e-477a-a35d-deaca47f3ece,worship.store,available,84,76,7,,,
b763175b-42f2-4dda-b8a0-71070e01ed93,worship.xyz,resell,84,76,7,"Go Daddy, LLC",20/06/2014 04:36,20/06/2026 23:59
3317c7f9-1fec-4d36-87e1-a284d55ed272,guidance.at,sold,64,76,8,DomainQuadrat Marketing GmbH ( https://nic.at/registrar/581 ),,
5265d01e-818d-4af8-92e3-62c944b63ef8,guidance.cloud,available,64,76,8,,,
6823e8b8-01d2-4c97-9cff-9b5898f1694b,guidance.co,expiring,64,76,8,"GoDaddy.com, LLC",21/07/2010 20:34,20/07/2025 23:59
cdebb5b4-1fc1-4a05-b98a-cfdba1e08c04,guidance.expert,available,64,76,8,,,
8e355ca3-68e7-4438-90f2-8ba061133481,guidance.gg,available,64,76,8,,,
522763c1-0689-4b5a-a27a-056e9418d429,guidance.me,resell,64,76,8,"Sav.com, LLC - 22",05/01/2025 15:15,05/01/2026 15:15
69b9053d-413a-4266-aa01-591713efcc9a,guidance.ninja,available,64,76,8,,,
10f5842e-dd84-4d6f-89e1-2b635798a7f0,guidance.pro,resell,64,76,8,Dynadot Inc,15/12/2020 14:30,15/12/2026 14:30
ef6e2bfe-0e4f-4e26-89cc-8f89b02f6db6,guidance.site,available,64,76,8,,,
b6ddcf73-b8e6-4689-a72b-a5eedc3ad4fc,guidance.so,available,64,76,8,,,
44be7b26-1480-426c-b821-acf9c097f69d,guidance.store,expiring,64,76,8,"Go Daddy, LLC",30/07/2020 15:43,30/07/2025 23:59
16524847-9dc5-4758-8da3-4159d4e37087,guidance.us,resell,64,76,8,"GoDaddy.com, LLC",07/12/2017 00:02,07/12/2025 00:02
811dc1c1-c6bd-4a78-be55-aaaa26e0f271,missions.ai,resell,46,44,8,"GoDaddy.com, LLC",06/06/2023 16:37,06/06/2027 16:37
bf794d6b-c627-40b2-ac31-9e46ff167f6d,missions.at,available,46,44,8,,,
071d0ee9-7a16-423e-90b0-3d606c0cb64b,missions.cloud,available,46,44,8,,,
a2998a0c-6f0a-40eb-a176-9cda1bea89ad,missions.expert,available,46,44,8,,,
29de35c6-6375-4e48-8050-2058579a4fd1,missions.io,resell,46,44,8,"GoDaddy.com, LLC",02/12/2020 14:31,02/12/2025 14:31
e7726640-7e3a-4a70-8e79-81e1fa34bd2d,missions.it,resell,46,44,8,,12/02/2010 22:03,14/02/2026 00:00
5c8c37bb-45ab-4cdf-abc8-460d74762e28,missions.me,expiring,46,44,8,"GoDaddy.com, LLC",10/07/2008 03:30,10/07/2025 03:30
9c761aab-00bb-4d16-b2b7-0c6fa4497cad,missions.online,available,46,44,8,,,
385f0d88-16cb-44d3-aa94-83fb5d16291a,missions.site,available,46,44,8,,,
f49d10fd-68c4-4b6e-b4d9-5d3abf25f92c,missions.so,available,46,44,8,,,
4c8d0a6f-7337-40d9-9e61-9d3818372460,missions.space,available,46,44,8,,,
5ccd46c4-2801-48d9-a5f5-0c392088c649,missions.store,available,46,44,8,,,
08360455-ee08-4ef6-b503-13f9939e8494,missions.tech,available,46,44,8,,,
ada6d0f2-5cac-4ca5-9f34-77c06a8e0933,missions.zone,available,46,44,8,,,
e569e7b6-a48f-4158-9246-609243ecdcf3,communityservice.at,available,76,76,17,,,
5bf9cae8-19f1-47b5-9662-3f78f5ec0d9e,communityservice.cloud,available,76,76,17,,,
1419e526-8429-4b01-9e37-e4b77f2e7ee1,communityservice.co,available,76,76,17,,,
e83f04fd-5d03-42d6-ba8a-e8a83a422c26,communityservice.dev,available,76,76,17,,,
8badc6d5-7388-41ac-9e5c-582ff162bfa3,communityservice.expert,available,76,76,17,,,
6562fa8c-b01c-4aa0-aeb1-33cd09b9b15b,communityservice.gg,available,76,76,17,,,
88ae8289-590d-4f41-bf96-74435d9bcb0c,communityservice.it,resell,76,76,17,,03/05/2019 16:00,30/04/2026 00:00
d46cc9f4-bf97-4279-8f6f-7f2633358353,communityservice.me,available,76,76,17,,,
53ef4fc6-296c-48cb-8b02-e38cd661b86f,communityservice.ninja,available,76,76,17,,,
03d55d0c-c5d3-4bce-a689-adaf035275e0,communityservice.pro,available,76,76,17,,,
2a7f17e0-3e95-4a83-87e4-64bad4d48be8,communityservice.so,available,76,76,17,,,
c838fd5b-7cc8-4083-8d84-0ce63f7ab860,communityservice.space,available,76,76,17,,,
7b946731-c36f-4308-9cde-db6191b46a14,communityservice.tech,available,76,76,17,,,
4f629b41-7e49-4259-9354-608eff43db9a,communityservice.xyz,resell,76,76,17,"GMO Internet Group, Inc. d/b/a Onamae.com	",07/06/2024 02:30,07/06/2026 23:59
08eeb82e-7a15-470b-9b05-787384c9b93f,communityservice.zone,available,76,76,17,,,
d3062228-925f-4c0f-90e5-8df10125361a,pastoral.ac,available,76,7,8,,,
5eb7fdfe-fc26-4606-9471-2d0adeae3ac5,pastoral.academy,available,76,7,8,,,
8ef70325-b123-4e09-8870-c1d57bd59121,pastoral.accountant,available,76,7,8,,,
eed06545-e629-4c32-85fe-5cca41b3ce19,pastoral.accountants,available,76,7,8,,,
87317c72-c7e9-45c8-bea7-51e4be8c3168,pastoral.actor,available,76,7,8,,,
41af1f13-2160-44b5-b127-7ac57f60cfc1,pastoral.adult,available,76,7,8,,,
d2146919-5947-46be-995a-c9b32e77113f,pastoral.ag,available,76,7,8,,,
9fef3f49-06f1-48f8-a1f5-4a68713dd032,pastoral.agency,available,76,7,8,,,
76e6ac19-50c2-4b9b-a15e-bcdfaa15e274,pastoral.airforce,available,76,7,8,,,
45a31697-85fe-448c-a953-d8c578666511,pastoral.apartments,available,76,7,8,,,
f4ae9db3-7e00-4713-95de-7b7203fb7a97,pastoral.archi,available,76,7,8,,,
6dc7523c-1a4d-4ee3-8830-2c910793575f,pastoral.army,available,76,7,8,,,
9998e981-5f12-4e43-8f67-a53cf58e5fc6,pastoral.art,available,76,7,8,,,
bbedd0bb-4b8e-4e42-ad32-df93afbc4ce2,pastoral.asia,available,76,7,8,,,
dbc51249-9c5e-4163-96f7-48dc8886c16d,pastoral.associates,available,76,7,8,,,
a8b1eb85-1784-412d-bfff-783dd42f6236,pastoral.attorney,available,76,7,8,,,
f0685f80-d4f1-4aa2-8918-e77cf4cfdc11,pastoral.auction,available,76,7,8,,,
97a9f84c-5455-4f6c-b412-d078111cb928,pastoral.audio,available,76,7,8,,,
0260493a-e0d8-498e-abee-f739a0460cee,pastoral.auto,available,76,7,8,,,
6d584e78-b778-4001-a7c2-8d2be53a3f3e,pastoral.autos,available,76,7,8,,,
9d3899f3-23cf-4c91-8ff4-60cd433fa6d1,pastoral.baby,available,76,7,8,,,
00026556-3558-4971-932f-6b507cf589ce,pastoral.band,available,76,7,8,,,
ada93da6-eae4-44b2-9b02-256cff6085d0,pastoral.bar,available,76,7,8,,,
0bef873f-b981-4a28-8a81-dec65af6c12d,pastoral.bargains,available,76,7,8,,,
e75c38a5-9df2-4d3a-ae8a-a3a770ec3fc8,pastoral.bayern,available,76,7,8,,,
ef74297d-6874-4a0f-b546-673fc1d7ec02,pastoral.beauty,available,76,7,8,,,
37070dc9-7044-4eda-bfab-f2a3a6a6192f,pastoral.beer,available,76,7,8,,,
50be832b-052c-40cd-88b8-56cf74f0ec07,pastoral.berlin,available,76,7,8,,,
d9068770-5646-4356-870b-2bb19e4ce722,pastoral.best,available,76,7,8,,,
3aaf16b5-95fb-4f12-b2d4-f442ae3eab91,pastoral.bet,available,76,7,8,,,
1fb0479b-a76b-4d29-8f6f-5a3faaf991d5,pastoral.bid,available,76,7,8,,,
c7ecbd0e-0798-4c2c-a487-398a22237960,pastoral.bike,available,76,7,8,,,
20ca00a1-4ea4-4b79-8f91-ef913d407224,pastoral.bingo,available,76,7,8,,,
cbcb7c60-475a-44a0-9fce-19eba2fd1293,pastoral.bio,available,76,7,8,,,
6cbb30c3-4416-4f70-a26f-3e28e8041d47,pastoral.biz,available,76,7,8,,,
ef48f910-5930-42ae-8cf2-af9ed4acd7a7,pastoral.black,available,76,7,8,,,
1674d9a2-7c39-4871-a2df-d8c1d1d6f751,pastoral.blackfriday,available,76,7,8,,,
919e5c9a-201b-4875-8974-199b24289bb3,pastoral.blog,available,76,7,8,,,
37855525-bd3e-4c9b-a3d3-488f8e022739,pastoral.blue,available,76,7,8,,,
7dbfbf4e-cc6b-46e7-9c65-ffbf52f6f53f,pastoral.boats,available,76,7,8,,,
e6fc789c-6937-42c6-8017-729b2dcace89,pastoral.bond,available,76,7,8,,,
5219667f-109b-4542-a566-24e337516470,pastoral.boo,available,76,7,8,,,
23f75f96-568f-40c7-ac9d-7717ca243713,pastoral.boston,available,76,7,8,,,
d8d90234-31b1-4d7b-ac08-27de2409f222,pastoral.boutique,available,76,7,8,,,
22bc3d9a-3288-4e0b-8967-57c64a8c2b96,pastoral.build,available,76,7,8,,,
3bd2d970-8679-4381-ac03-0f9d3945d872,pastoral.builders,available,76,7,8,,,
0c9b33c4-6f9a-4e96-b1d0-3341ab81f829,pastoral.business,available,76,7,8,,,
1b0dcee7-0dbf-4d35-9ae5-75e8ad88e9eb,pastoral.buzz,available,76,7,8,,,
268b198b-5b4a-4794-beff-b79c148f6167,pastoral.bz,available,76,7,8,,,
de96b1eb-4dc8-45da-bd05-1fc7541d8f4b,pastoral.cab,available,76,7,8,,,
8d4a411f-68b7-403e-a7ed-5e2bd8acc9da,pastoral.cafe,available,76,7,8,,,
7a86d645-39eb-4931-9511-09077d2c4430,pastoral.cam,available,76,7,8,,,
c7521a58-7e2a-483d-9dc2-cc6d3b80f8a0,pastoral.camera,available,76,7,8,,,
149032d9-c5e6-4b03-8a83-42118b708b23,pastoral.camp,available,76,7,8,,,
47041021-1c61-47dd-9295-d4afcefde208,pastoral.capital,available,76,7,8,,,
62c156c1-0133-4a98-84a5-4441665e680f,pastoral.car,available,76,7,8,,,
cee8ce88-e0c2-42df-a82a-f08e695aef49,pastoral.cards,available,76,7,8,,,
65d04fac-4ac3-4976-815a-095a850d68f8,pastoral.cars,available,76,7,8,,,
39dbc502-fc26-4699-b766-816842f13e4a,pastoral.casa,available,76,7,8,,,
d53634c4-e87b-4c80-a291-6149822c58e3,pastoral.cash,available,76,7,8,,,
32fac0f5-e567-4560-acfd-38d18cee48e2,pastoral.casino,available,76,7,8,,,
6044ccdb-5ed2-4886-8363-d0e5a195c180,pastoral.catering,available,76,7,8,,,
f7bf5072-4810-4026-a88b-b6f19820b29a,pastoral.ceo,available,76,7,8,,,
f109ac13-3d1f-4991-b0ae-961c36eff742,pastoral.cfd,available,76,7,8,,,
f30a9f6f-a51e-46ca-9ea3-acbf5607bf0c,pastoral.charity,available,76,7,8,,,
7bd0b0fb-36f5-4235-ab8d-b1c098d1b886,pastoral.chat,available,76,7,8,,,
e40060ac-18c4-4b88-a229-c20d7508d9c1,pastoral.cheap,available,76,7,8,,,
9bed8ad2-f4cf-475a-85fa-180d9836b62c,pastoral.christmas,available,76,7,8,,,
114f3cff-c96d-4881-9427-e85eb9e37688,pastoral.church,available,76,7,8,,,
bbb8629f-a0ad-49c3-b4da-3a82fe6df640,pastoral.city,available,76,7,8,,,
76546267-a8c0-4e38-9673-7662ac9c217c,pastoral.claims,available,76,7,8,,,
05af9c6a-48cb-4ccc-8635-0255df18661f,pastoral.cleaning,available,76,7,8,,,
a54dabf3-b330-4120-8932-ab35bd64361f,pastoral.click,available,76,7,8,,,
db179ad3-ac98-479f-8550-ee324583b833,pastoral.clinic,available,76,7,8,,,
ee337560-28ae-44d4-955e-8356567d3dec,pastoral.clothing,available,76,7,8,,,
2007b87a-a2e4-4bb0-9d48-2c6aab25a4ee,pastoral.cloud,available,76,7,8,,,
482bafbe-b51c-49f3-9941-a48bbae3367e,pastoral.club,available,76,7,8,,,
9406fefd-aed0-4fcf-b4be-5b6a9e6e0730,pastoral.co,resell,76,7,8,Dynadot Inc,06/12/2020 20:05,06/12/2026 20:05
2eb5eed1-b67b-4cff-875a-5f687bd9c2bb,pastoral.codes,available,76,7,8,,,
5789e2fb-aa97-4c01-9473-87b33983afc7,pastoral.coffee,available,76,7,8,,,
7bc8a9ce-1fed-4e6f-9783-5812311b0441,pastoral.college,available,76,7,8,,,
88035161-3bc3-469e-aae1-867f38d4020d,pastoral.community,available,76,7,8,,,
1f678fc2-8f2c-4f3c-9f55-ee58575b0fc6,pastoral.company,available,76,7,8,,,
b64bf095-6d7f-414b-a8de-e0bf0be5a11e,pastoral.computer,available,76,7,8,,,
7a41ad02-3cb2-4d87-9b14-672d61c2b01f,pastoral.condos,available,76,7,8,,,
c484eabe-c99f-43d0-8ba8-7abe1cdc4afa,pastoral.construction,available,76,7,8,,,
cfbca0d8-6952-4880-aa68-d273ed356e48,pastoral.consulting,available,76,7,8,,,
d123bb48-3a9a-4c46-912d-3edc0eaad5f4,pastoral.contact,available,76,7,8,,,
d6232524-58ad-49cf-b0f0-32f0e5c1e7ba,pastoral.contractors,available,76,7,8,,,
5680a3ae-ffca-4eef-9b99-161d5447af05,pastoral.cooking,available,76,7,8,,,
e8f86161-f93d-4494-a037-1f764dbfe792,pastoral.cool,available,76,7,8,,,
4c766cad-c786-4a0c-bbda-0b2479fbf135,pastoral.country,available,76,7,8,,,
eb41bca0-0d32-4385-bca0-0d3c48f45e1e,pastoral.coupons,available,76,7,8,,,
9a967ff6-5390-4b9c-abdd-9b61a608a4c2,pastoral.courses,available,76,7,8,,,
075e13ea-b061-4cd4-ad3b-5e7afee7dbd6,pastoral.credit,available,76,7,8,,,
a2d67987-b2b9-4070-837b-cf4e1e4639d9,pastoral.creditcard,available,76,7,8,,,
d4fd4879-f7c9-4a9f-bc64-fc407aecaa0f,pastoral.cricket,available,76,7,8,,,
71e8fdf4-7a7a-4dea-aca7-de439157f96c,pastoral.cruises,available,76,7,8,,,
13952706-d45e-42bb-9296-e529779d3a8a,pastoral.cv,available,76,7,8,,,
93a4b026-ef13-4e43-b59e-999305175dfe,pastoral.cx,available,76,7,8,,,
7724e6be-89b7-4f94-a7cb-f25279110502,pastoral.cyou,available,76,7,8,,,
48ca0ae2-ce6b-43ab-af5a-9b3b8d9833a3,pastoral.dad,available,76,7,8,,,
619d6e3c-c995-484b-a02b-88f86ee0d180,pastoral.dance,available,76,7,8,,,
fba4bb2b-d457-4199-beec-76887920d4de,pastoral.date,available,76,7,8,,,
9871e729-938a-48b6-85e2-88a6be834240,pastoral.dating,available,76,7,8,,,
fa68fdfe-4fed-4101-b08e-dbd89663b301,pastoral.day,available,76,7,8,,,
45ab6f53-f7a5-49f5-9502-cec401a7145c,pastoral.dealer,available,76,7,8,,,
e8c58559-2f7c-4a25-abf5-d4440db7e9e4,pastoral.deals,available,76,7,8,,,
bae86caf-a118-473c-93e5-377cac13d8a4,pastoral.degree,available,76,7,8,,,
c9eacfc0-2cd8-46a8-a1f6-067c5120a48b,pastoral.delivery,available,76,7,8,,,
e5154cb3-7dae-4c36-871b-c9fdc12635da,pastoral.democrat,available,76,7,8,,,
ccce2ae7-131f-437d-b466-5d266aad0cd6,pastoral.dental,available,76,7,8,,,
74f4fc9c-7968-41ae-aa01-d01f16df5cbc,pastoral.dentist,available,76,7,8,,,
ca81e297-aad0-4178-a128-007abde58808,pastoral.design,available,76,7,8,,,
2501d32f-b439-4e29-af78-7e8588e867d3,pastoral.dev,available,76,7,8,,,
38cc06dc-3067-475e-8fbb-2938e984ee79,pastoral.diamonds,available,76,7,8,,,
ab979f71-cbf6-4b51-8bff-b71110292e11,pastoral.diet,available,76,7,8,,,
ccce8bf3-c062-4862-951a-0d81771b2b73,pastoral.direct,available,76,7,8,,,
38a89708-f47f-4d84-ab19-d4e29ccc3066,pastoral.directory,available,76,7,8,,,
2f639c2c-5418-4fc6-8c07-9efd4b571501,pastoral.discount,available,76,7,8,,,
66355bea-0d64-4e2c-acf9-02e5d8700709,pastoral.diy,available,76,7,8,,,
d27394ef-1e2c-4632-ba21-df9e85d31b30,pastoral.doctor,available,76,7,8,,,
e0f6de87-8821-4904-abb1-c325cc2cebcf,pastoral.dog,expiring,76,7,8,"GoDaddy.com, LLC",14/09/2015 17:30,14/09/2025 17:30
d184f73f-eccc-48c1-abec-7cec13eefe92,pastoral.domains,available,76,7,8,,,
81015842-c09e-49b8-b5ca-1607b26e7661,pastoral.download,available,76,7,8,,,
e08da3e2-c4f7-45e2-9d05-8fbf94bd63cd,pastoral.earth,available,76,7,8,,,
cb3a98f1-a63a-455e-813e-3a9b1880fe24,pastoral.education,available,76,7,8,,,
4bfc145c-3dc2-4800-a663-e576e806e656,pastoral.email,available,76,7,8,,,
8bb94919-1aa2-471c-a08e-6515784524bf,pastoral.energy,available,76,7,8,,,
285385fb-42ac-4c6d-a9d5-172cb87dde6f,pastoral.engineer,available,76,7,8,,,
5967ba87-e5f5-4035-a502-c49d3e0d2c58,pastoral.engineering,available,76,7,8,,,
a042fbf8-8fc5-4175-a5e2-9b2dad3a8877,pastoral.enterprises,available,76,7,8,,,
398bbdd5-d8fd-4a67-b927-a722ed727353,pastoral.equipment,available,76,7,8,,,
17613398-b422-45e0-a69f-53826b109512,pastoral.esq,available,76,7,8,,,
267e2823-7605-4163-bd65-17ed00d1736d,pastoral.estate,available,76,7,8,,,
c7ee4c4e-82e6-4b7b-8fc4-da0355cfeed3,pastoral.events,available,76,7,8,,,
8993c331-c32a-4108-93c6-4733daf40479,pastoral.exchange,available,76,7,8,,,
827c02cf-6291-46b9-b244-a67b636fcd6c,pastoral.expert,available,76,7,8,,,
1d1e26b3-8155-4a61-bc38-6300db9c5f91,pastoral.exposed,available,76,7,8,,,
0f168c2f-0f2d-4ff4-99cb-dfd9a6be590a,pastoral.express,available,76,7,8,,,
b7fb48d7-7331-4211-ad20-c17dd8087d3c,pastoral.fail,available,76,7,8,,,
48a45fd7-b3c6-4801-8233-f8b91e3eceb3,pastoral.faith,available,76,7,8,,,
0a08c9ae-d63c-4369-9fa0-86263d951de4,pastoral.family,available,76,7,8,,,
d84235d4-1ab9-446d-bb76-aa3ffc261f82,pastoral.fan,available,76,7,8,,,
26164924-acc8-4011-9b20-0e64eb48ae21,pastoral.fans,available,76,7,8,,,
a1548318-e2bd-472a-b7ee-1a64f0cefe37,pastoral.fashion,available,76,7,8,,,
f44ae197-3f73-4269-966f-4de19b09738c,pastoral.feedback,available,76,7,8,,,
8431c0a1-562c-4658-9592-b7c44808cd2f,pastoral.film,available,76,7,8,,,
b5832f18-b59d-48e2-bc2f-099ced12eb91,pastoral.finance,expiring,76,7,8,"GoDaddy.com, LLC",17/09/2024 19:19,17/09/2025 19:19
7ade3a8d-5e0b-4a9d-bb25-61a14a04b191,pastoral.financial,available,76,7,8,,,
b1739a4b-d920-40b0-b525-f3f3aa1a3dfa,pastoral.fish,available,76,7,8,,,
d76d7a22-0749-40c9-aaa8-0187f42ff0ef,pastoral.fishing,available,76,7,8,,,
c8b9e420-9b8a-4368-a09f-01d3a748b15c,pastoral.fit,available,76,7,8,,,
ed1f931c-5fd2-4c8d-bb9b-5321b6357dcf,pastoral.fitness,available,76,7,8,,,
afd2228b-f755-45e8-b7fd-ba4c235250e1,pastoral.flights,available,76,7,8,,,
2e15d1bf-d571-42d3-85cd-bb457cb66f21,pastoral.florist,available,76,7,8,,,
7257df85-f1e3-4dfd-8e27-9191559e1801,pastoral.flowers,available,76,7,8,,,
ee914e30-2c44-4c4f-a923-7d7476f8fe22,pastoral.fm,available,76,7,8,,,
ee33ab28-5250-4d29-8589-26ce20dd55b3,pastoral.foo,available,76,7,8,,,
3c8fcfce-360f-4144-8ba0-e1bc71fdace9,pastoral.food,available,76,7,8,,,
3906cb7f-cd44-400b-8b18-8657708220c5,pastoral.football,available,76,7,8,,,
a6a59537-d735-4912-ba8d-1d2e99f73c87,pastoral.forsale,available,76,7,8,,,
eee7d71b-e69c-487b-9501-1e2747f2047d,pastoral.forum,available,76,7,8,,,
06134a05-2f05-4bb1-a491-5d1fc4e4f73e,pastoral.foundation,available,76,7,8,,,
8ee5c5ec-6153-4474-9942-6e21fb3567d8,pastoral.fun,available,76,7,8,,,
7289c74b-2599-428c-91e0-a14bf7ee2bbb,pastoral.fund,available,76,7,8,,,
2ba03aec-596e-406b-af02-7890079cea78,pastoral.furniture,available,76,7,8,,,
2c2c067e-e54e-489d-80c3-89bb02d161c5,pastoral.futbol,available,76,7,8,,,
12f10a81-51d3-4656-9a6a-2370e5777e33,pastoral.fyi,available,76,7,8,,,
feabaa08-ed20-4bf1-b14e-1332393c831b,pastoral.gallery,available,76,7,8,,,
857572fa-9bc7-48fa-b91e-9078bcdad006,pastoral.game,available,76,7,8,,,
b3530ddf-5ccc-4708-81dc-256014d2a607,pastoral.games,available,76,7,8,,,
c78714ef-02d4-4112-8c77-e1bcab531a10,pastoral.gay,available,76,7,8,,,
33208f8b-a7fe-4ffe-b5c8-1dc24a5f5f76,pastoral.gg,available,76,7,8,,,
1a52d2ee-57ce-4b51-8957-d88dbe75c827,pastoral.gift,available,76,7,8,,,
4aa3b9a8-87c4-4015-9d48-c70504d52839,pastoral.gifts,available,76,7,8,,,
44089cf5-e383-44b1-a677-b135d8d925ff,pastoral.gives,available,76,7,8,,,
59c2761b-3638-4e92-88c9-11c4453451bf,pastoral.giving,available,76,7,8,,,
bf9dee3c-b13d-45ce-ae15-8cb2ceff33c2,pastoral.glass,available,76,7,8,,,
f0194208-996b-47c3-be21-7cdcfad4609a,pastoral.global,available,76,7,8,,,
a9c070d3-45e2-4117-a32a-c9e7d91c9c86,pastoral.gmbh,available,76,7,8,,,
e63d49b1-bc53-44de-96bb-486c517b1b84,pastoral.gold,available,76,7,8,,,
412ec3d6-ca9d-4ec3-92da-6da23cd85061,pastoral.golf,available,76,7,8,,,
3b4b0395-28ca-4418-b0ce-7e8ddd8cc504,pastoral.graphics,available,76,7,8,,,
2a194d6d-3999-469d-a5c5-4b1231ec26eb,pastoral.gratis,available,76,7,8,,,
6f39766c-3147-40ec-874f-52cd11d1acb6,pastoral.green,available,76,7,8,,,
afb42195-1c75-4918-947e-472a2a5fa43c,pastoral.gripe,available,76,7,8,,,
440d3e7a-5bd1-4eda-86e1-dcfc54d8d984,pastoral.group,available,76,7,8,,,
18a3856d-63fc-4d2d-adaa-fd8f0f7461d8,pastoral.guide,available,76,7,8,,,
bdc1729e-56ca-4bbb-aa7b-4542bfd9d9d3,pastoral.guitars,available,76,7,8,,,
355056c9-6f09-4798-a044-5f88a19e9f58,pastoral.guru,available,76,7,8,,,
f188ea4f-a3da-46fd-89a0-6287d12624d9,pastoral.hair,available,76,7,8,,,
1319abd4-5254-452c-848c-8465f3205fbe,pastoral.haus,available,76,7,8,,,
da50a75b-2cdc-4c12-98ef-180a0688c5e5,pastoral.health,available,76,7,8,,,
46f5677e-5548-4598-89af-76ae72da838f,pastoral.healthcare,available,76,7,8,,,
ddbdbccb-6e44-4650-8f7e-46c69f13d823,pastoral.help,available,76,7,8,,,
fb2ac5fe-fcfc-4b75-96ac-7f19b3e335f5,pastoral.hiphop,available,76,7,8,,,
7febad91-7027-4e47-a724-9621db0a8f27,pastoral.hiv,available,76,7,8,,,
dc86eaf4-5d4c-48d3-a487-773a04cb4ee1,pastoral.hockey,available,76,7,8,,,
e63af10b-c3f3-4190-844e-405ecb43a740,pastoral.holiday,available,76,7,8,,,
e5f3b574-6061-406b-89cc-eafd2ec57125,pastoral.homes,available,76,7,8,,,
1aa5d8b6-939a-4f9f-92cd-d5047acfab81,pastoral.horse,available,76,7,8,,,
35f3406b-9780-49bf-aa60-c98cfa33153a,pastoral.hospital,available,76,7,8,,,
dbf7019a-ce46-49cb-bb58-24bdf1da7a71,pastoral.host,available,76,7,8,,,
c19320e6-a7c5-4279-b707-c5e3de14cf16,pastoral.hosting,available,76,7,8,,,
824b83db-6838-4711-a738-d4c032829421,pastoral.hot,available,76,7,8,,,
24df4fc3-d3f2-4bfe-a5b6-bc89b6c49727,pastoral.house,available,76,7,8,,,
5e0da895-0f6b-4623-9895-fd03ccc95357,pastoral.how,available,76,7,8,,,
89063439-9c5e-41eb-9d90-8b4c8f5a7e6b,pastoral.icu,available,76,7,8,,,
15d7a68b-fd78-484a-894d-72f83bf30900,pastoral.im,available,76,7,8,,,
8ae018ec-6087-4534-bf29-1507cb419100,pastoral.immo,available,76,7,8,,,
ed26bd1f-0f46-4c78-856b-3795de3e6328,pastoral.immobilien,available,76,7,8,,,
1d12e2db-408b-4c02-a111-94c59b3b2da2,pastoral.in,available,76,7,8,,,
a414dd53-e57f-49f5-8909-a589c68f9c54,pastoral.inc,available,76,7,8,,,
b1307a8b-42ab-4078-b096-317a078a57c9,pastoral.industries,available,76,7,8,,,
c34c8361-b1fa-4a30-91ce-5d9159020e2f,pastoral.info,available,76,7,8,,,
6c717bbc-a840-4a52-8405-afb7e6bdcd82,pastoral.ing,available,76,7,8,,,
e74962da-7f07-4d7b-9597-39cf9ba68280,pastoral.ink,available,76,7,8,,,
84c4b83b-eddd-4786-b6c2-bbe6c315d41e,pastoral.institute,available,76,7,8,,,
97de058c-2d73-4652-be72-2afce9baec58,pastoral.insure,available,76,7,8,,,
43d857f9-a196-4fd2-a07c-28b3e9fe3386,pastoral.international,available,76,7,8,,,
f5a3896a-b85d-463e-8d6c-bfe0cc0e52a5,pastoral.investments,available,76,7,8,,,
4d9e821f-bf74-42fa-92e7-1e1c6a2944d0,pastoral.io,resell,76,7,8,"GoDaddy.com, LLC",01/03/2024 05:42,01/03/2026 05:42
b7fdd1f7-a9f1-48fc-8ca8-740a6a0c9091,pastoral.irish,available,76,7,8,,,
39fd8dc1-a1dc-40d7-94a2-da8e11192c3d,pastoral.jetzt,available,76,7,8,,,
0b540151-19fb-435f-84dd-a9ab7a7498c8,pastoral.jewelry,available,76,7,8,,,
e8972623-133c-4108-bfc0-c78e3b01b956,pastoral.juegos,available,76,7,8,,,
674cf093-8a03-488f-85df-b00f32283a59,pastoral.kaufen,available,76,7,8,,,
b559cb9e-6153-4349-9463-50a18cfe94ce,pastoral.kids,available,76,7,8,,,
05cec616-2d61-4d90-9bf4-5d076a898b8c,pastoral.kim,available,76,7,8,,,
f5ef9066-27ea-44b9-9027-76f7accc4bfa,pastoral.kitchen,available,76,7,8,,,
a811aefa-88c5-4946-8058-387125eb3baa,pastoral.la,available,76,7,8,,,
1e8323db-603f-47bf-8f2e-6cc379cb1d69,pastoral.land,available,76,7,8,,,
068afcb0-0cd8-45c8-8f79-f48872884d66,pastoral.lat,available,76,7,8,,,
6c9d06bf-94a2-4c80-bbe7-1da62b5f8964,pastoral.law,available,76,7,8,,,
ad03d663-7cf8-44f5-ab5a-cfe6b82faf5b,pastoral.lawyer,available,76,7,8,,,
f5d86c35-bd0c-46f9-93e6-80a7104e7d03,pastoral.lease,available,76,7,8,,,
fae85477-396f-486e-b67b-ac0d864b9357,pastoral.legal,available,76,7,8,,,
b95681c1-15c1-4cf2-8e74-d998f897bb35,pastoral.lgbt,available,76,7,8,,,
5709ebe4-e1be-4cfb-8ebf-7eae4b328b89,pastoral.lifestyle,available,76,7,8,,,
15b62382-e1ad-4508-86dc-20f57d12b92a,pastoral.lighting,available,76,7,8,,,
ae1b574f-6375-4d92-a064-7f4c7f086b95,pastoral.limited,available,76,7,8,,,
fe875a6f-0757-4ebf-a4b5-55515ffc25cf,pastoral.limo,available,76,7,8,,,
23d56576-afa9-41f5-970a-e18907e4e06f,pastoral.link,available,76,7,8,,,
9ce8cd63-39f9-4225-97dc-6c435df2ed6f,pastoral.live,available,76,7,8,,,
6269421c-666f-46b9-8a45-4873de1a2032,pastoral.living,available,76,7,8,,,
14945330-0796-445d-be6b-bc5c6a79d6e7,pastoral.llc,available,76,7,8,,,
45b6bd4f-6819-497a-867e-408ab7c5c6b2,pastoral.loan,available,76,7,8,,,
b2bfe382-cb39-4d11-972f-01bc570ecf28,pastoral.loans,available,76,7,8,,,
a4fb13c8-92fc-431a-bb09-baf977e2e2b6,pastoral.locker,available,76,7,8,,,
2027fee8-249a-42d0-8950-6afbe336020f,pastoral.lol,available,76,7,8,,,
4f004287-997f-469d-ace1-487aaab22517,pastoral.london,available,76,7,8,,,
ffaa132b-2ab2-4764-b909-c0f34305b42d,pastoral.love,resell,76,7,8,"GMO Internet, Inc. d/b/a Onamae.com",19/03/2025 14:32,19/03/2026 14:32
32775298-d3c7-4fb4-aa87-3c22bbf5e537,pastoral.ltd,available,76,7,8,,,
4a9aa9e0-6aec-4bed-8e92-af3eef544ddd,pastoral.ltda,available,76,7,8,,,
2a34ecc6-973e-4e5e-bcdf-02b91fc2d6a4,pastoral.luxe,available,76,7,8,,,
5bd32f34-0775-4ddc-956b-18534a0c816e,pastoral.luxury,available,76,7,8,,,
3d251e90-c0e8-487a-904d-94e39230f241,pastoral.maison,available,76,7,8,,,
7165b58e-b3df-47e3-9b95-d22fe8d74355,pastoral.makeup,available,76,7,8,,,
427e0735-47f9-427a-8d95-19e113683ed8,pastoral.management,available,76,7,8,,,
7eac0700-de72-43a1-9d61-5f9cb4843e1e,pastoral.market,available,76,7,8,,,
cd66bcc4-84fb-4b83-9f45-6bd4ee44d4e0,pastoral.marketing,available,76,7,8,,,
86952fbf-19ca-48d4-a7b3-bee35cebbd83,pastoral.mba,available,76,7,8,,,
86d3ce17-8e64-4aca-b40b-3036f4b06d71,pastoral.me,available,76,7,8,,,
a6a61228-7933-4c80-80ea-90ec6bd812e5,pastoral.media,available,76,7,8,,,
d06c1b1f-bfc5-49b3-8023-47410156f970,pastoral.melbourne,available,76,7,8,,,
128aa39a-1e29-4827-89e8-bded915f2bc7,pastoral.meme,available,76,7,8,,,
a3762c89-4f03-46e4-b6a8-91c2db4addfb,pastoral.memorial,available,76,7,8,,,
6525a293-fb2e-4c33-bc08-c91cba9c2e13,pastoral.men,available,76,7,8,,,
619b253f-f7f4-4a4e-9781-45a3554afdc0,pastoral.menu,available,76,7,8,,,
ec635f12-ca7c-4169-b4c5-e992ca565fc5,pastoral.miami,available,76,7,8,,,
0b05e6c9-d0d5-4f54-8f72-0debb0b6fef8,pastoral.mobi,available,76,7,8,,,
50ec3ab8-aff1-4549-8a51-bc9576e52e15,pastoral.moda,available,76,7,8,,,
ea16b327-9e09-4704-8a47-e1687172ff83,pastoral.moe,available,76,7,8,,,
d987991a-e533-48db-9a07-d67c44745a7a,pastoral.mom,available,76,7,8,,,
4946e04e-6eec-4624-9131-15640f03e7e0,pastoral.money,available,76,7,8,,,
30a9f2fe-1ce0-48a4-b620-5fe9ea8a62aa,pastoral.monster,available,76,7,8,,,
401b94ee-56e3-4882-8f20-3bd8d5f87a54,pastoral.mortgage,available,76,7,8,,,
09b6d222-623a-419e-95a3-236f24963a61,pastoral.motorcycles,available,76,7,8,,,
c8af8a76-6129-4469-a6be-2a3213edd905,pastoral.mov,available,76,7,8,,,
92a07d2a-a722-49d2-9f85-a614c7927d25,pastoral.movie,available,76,7,8,,,
96081cd0-6ee7-4e6c-b2d9-611e6c7b72ff,pastoral.music,available,76,7,8,,,
69a949e7-64fa-4ede-b1eb-83467b0e69d3,pastoral.mx,available,76,7,8,,,
685a8642-ebce-45b1-b287-f3dbcf231c1e,pastoral.my,available,76,7,8,,,
ac143d4b-aee9-4566-a512-3481e8ba64d7,pastoral.name,available,76,7,8,,,
09f501cc-f23e-42db-8b9d-4145b266e33b,pastoral.navy,available,76,7,8,,,
a11b055d-229f-4162-b586-177485d2cfb0,pastoral.network,available,76,7,8,,,
ddeed248-dd90-4c96-8297-3feff75e2c8a,pastoral.news,available,76,7,8,,,
d193e6f8-d434-4c1c-a523-8485f0782a52,pastoral.nexus,available,76,7,8,,,
3fbfc02f-a493-4bca-b6b8-22b43addbfdd,pastoral.ngo,available,76,7,8,,,
03761a27-c5e5-4a66-882d-2ca346008901,pastoral.ninja,available,76,7,8,,,
caddda16-8b1a-467f-a036-f7cdfa0750d4,pastoral.nyc,available,76,7,8,,,
fac02fb8-1ef7-44a2-a0f2-2c26291331d4,pastoral.observer,available,76,7,8,,,
d77b47af-c3c2-47e8-9e20-c204fc3d3fe2,pastoral.one,available,76,7,8,,,
926b2b6f-0ef1-41c0-afdc-649c2a0e905f,pastoral.ong,available,76,7,8,,,
366ebd75-63e8-4308-9d3f-a4137310f990,pastoral.onl,available,76,7,8,,,
0f0b6c0c-be2d-4fa0-9832-f084f08559c1,pastoral.ooo,available,76,7,8,,,
6655249f-ca32-4871-a479-83181fea836e,pastoral.organic,available,76,7,8,,,
a7a08698-16c6-44dd-852b-1ad781f06257,pastoral.osaka,available,76,7,8,,,
24d6ec55-6eee-41d4-b454-125d8aee162b,pastoral.page,available,76,7,8,,,
bdd50941-bc3f-40db-ab8d-14a2acf2df3b,pastoral.partners,available,76,7,8,,,
a1e80f07-8199-434f-bd43-5db7488e5ef7,pastoral.parts,available,76,7,8,,,
aa185ea2-3308-485a-98b6-564f5569bca4,pastoral.party,available,76,7,8,,,
731328a4-fdbb-40ec-a6b5-ff301f9bdf05,pastoral.pet,available,76,7,8,,,
827ef221-9b65-4edf-bb95-001514be8632,pastoral.phd,available,76,7,8,,,
b22c3e85-8142-40ab-b1d2-a62cc3aaa4d2,pastoral.photo,available,76,7,8,,,
7a202615-7604-4861-96eb-99472928fe4a,pastoral.photography,available,76,7,8,,,
9fa664a2-db7f-4c24-97c5-4e1ba38ed656,pastoral.photos,available,76,7,8,,,
9afb5ea3-8fa2-4432-a7ed-b23f39b8211d,pastoral.pics,available,76,7,8,,,
27974817-83ae-4a45-9810-08e66e007e9c,pastoral.pictures,available,76,7,8,,,
20948dc6-4e1f-439f-ab4a-95029e8c45a9,pastoral.pink,available,76,7,8,,,
a9ebd8f3-8d4c-43c5-81fc-512192f1184c,pastoral.pizza,available,76,7,8,,,
7cc50487-4002-47b9-b269-478e1bb90943,pastoral.place,available,76,7,8,,,
9c7339e1-ec0b-43e8-9bba-c6f30a62ca63,pastoral.plumbing,available,76,7,8,,,
daa43894-ad65-4e8c-b7c3-79eddf284093,pastoral.plus,available,76,7,8,,,
459241d1-fe84-4b93-8e6c-4b54ac36d2d2,pastoral.poker,available,76,7,8,,,
8b81d685-4382-4363-a942-b4ff75289f66,pastoral.porn,available,76,7,8,,,
fc22ca65-5262-42d1-9693-877b42ce2145,pastoral.press,available,76,7,8,,,
6894ea84-3fd4-423a-9f93-bc4f3ab4fa12,pastoral.productions,available,76,7,8,,,
5f704ef9-a2df-404c-b1a0-759c124a725a,pastoral.prof,available,76,7,8,,,
cd54556c-37c1-48bc-b3f3-ccafa270b63f,pastoral.promo,available,76,7,8,,,
82a083df-4607-4fd6-b310-996b65190820,pastoral.properties,available,76,7,8,,,
00290223-45ae-41f3-ae82-7afa06f3228e,pastoral.property,available,76,7,8,,,
5ffdc44d-d589-47b8-bea0-7d136578c9b9,pastoral.protection,available,76,7,8,,,
2ace9de7-01d0-45ca-89c8-9bee191ccdec,pastoral.pub,available,76,7,8,,,
860bb1f2-7d85-41fc-8eb2-9aaf5436a427,pastoral.pw,available,76,7,8,,,
0007e40e-f31e-4b57-9138-a2dd530f8a94,pastoral.qpon,available,76,7,8,,,
135d3550-a493-44a4-b0d9-c3bf7b5e31ac,pastoral.quest,available,76,7,8,,,
e16657d1-a76e-4a52-8768-df235e64f520,pastoral.racing,available,76,7,8,,,
07875344-c6c7-49e5-b0bb-a1c901515319,pastoral.realty,available,76,7,8,,,
9da39b1a-6c0c-4a0c-b1ef-b1f17721087c,pastoral.recipes,available,76,7,8,,,
fcff6d54-c877-4fcf-ab9f-f860d1a9a02a,pastoral.red,available,76,7,8,,,
1f96510d-f459-44be-ab80-a08b67f12ac2,pastoral.rehab,available,76,7,8,,,
d0298b4b-3a14-49e0-97d7-02fd4ee3089a,pastoral.reise,available,76,7,8,,,
8274f8f6-303d-49ec-a03c-6d1bf5e9eddf,pastoral.reisen,available,76,7,8,,,
d3b2d98b-2db6-493c-b662-e5cdc7d0edda,pastoral.rent,available,76,7,8,,,
f4c0531b-336c-4e2d-9b5e-92af68da20d3,pastoral.rentals,available,76,7,8,,,
f9c94c79-29b6-4da7-bb1e-da690a8e532a,pastoral.repair,available,76,7,8,,,
7b1c827e-74a6-4a95-a589-bdc69f95f79b,pastoral.report,available,76,7,8,,,
8fc4af34-ee09-4510-b05c-340c3a000514,pastoral.republican,available,76,7,8,,,
5c8036b1-3f5d-4158-bd6f-0894d3ee59f7,pastoral.rest,available,76,7,8,,,
a9575028-b3bb-4cbf-ad33-de07732cb0e6,pastoral.restaurant,expired,76,7,8,"GoDaddy.com, LLC",14/06/2021 21:07,14/06/2025 21:07
3bde6d86-dd37-4553-b278-0835b7fe84de,pastoral.review,available,76,7,8,,,
d61d6b6e-a4a5-4496-b0be-b66ac1d9190d,pastoral.reviews,available,76,7,8,,,
bcdd5205-2c2f-40e1-ab5a-05d024055b27,pastoral.rich,available,76,7,8,,,
b8e22fee-afe7-46b2-8472-025c5ff9b341,pastoral.rip,available,76,7,8,,,
355ac980-c98d-415a-953a-dfac40bafefc,pastoral.rocks,available,76,7,8,,,
90534653-cf7e-4fd0-b715-755418a73959,pastoral.rodeo,available,76,7,8,,,